review,sentiment
admittedly parsifal opera appeal everyone although favourite mine knappertsbusch particular syberberg entire approach static whenever music suddenly begin swell syberberg keep cast moving pace take amfortas klingsor endless whatever happened film editing result physically exhausting watch viewer never spiritually transported impulse rush home play recording confirm wagner got right syberberg got wrong set decoration clever reminder wagner anti semitism ever viewer film prior knowledge wagner,0
know want escavate moon real geneve debated project could lead make possible time machine say movie based fact future time movie scientifical project real hope moon exist happen movie movie saw original movie also read book book like though movie yes totally agree previous comment movie depressing unlike one good force one paralled future good movie,0
movie schlock despite lo fi production link troma production dark fable adult exploitation theme sugar cooky one wonder cast fallen prey said theme weird movie enticing visuals shadow contrast prominent definitely worth look especially fan warhol stylish decadence cruelty wickedness moral albeit twisted gleamed,1
romantic comedy bad funny thing happening rather memorable character br br acting however amateurish exception banker scene great fun others simply embarrassing particular found romantic part story poor br br guess worth seeing like football romantic comedy really bad movie ending feel quite good expect anything ordinary fair enough hour quarter kill,0
love sarah water fingersmith worried tv adaptation disappointed bbc version tipping velvet although beautiful look let keeley hawes able sing rachael stirling able act fingersmith tightly plotted novel breath taking twist turn wondered could done justice hour br br worried adaptation excellent little cut went along cracking pace although wonder whether read book would miss thing look feel bbc classic costume drama kept remind contemporary book br br acting stellar sally hawkins acting heart sue trinder elaine cassidy slow burner end story incandescent maud lilley love passion realisation act betrayal would perform written face joy watch br br hope rachael stirling watching play sarah water character,1
let say edward wood jr passion work wish people optimism commanding hope ed wood world would probably much better place familiar ed wood story seen wonderful biopic ed wood several time admire boldness strives job loved still admire never say die attitude love directing wish people modern day hollywood br br make movie fun watch glen glenda first confessional film probably worst br br glen glenda deadening cult movie cross dresser named glen played director writer ed wood despite love fiancée barbara dolores fuller cannot seem conquer lust transvestitism dress woman clothing wig thus becomes glenda glen glenda story narrated doctor talked watched mysterious character called scientist played veteran horror star bela lugosi oh also sub story alan anne character becomes transsexual based christine jorgenson story upon movie originally titled changed sex previously based br br dropped jaw yet well much want warn picture never seen would never tell lie movie one word falsehood plot synopsis gave every thing true movie cross dresser transsexual topic sound appealing begin done appealing manner sure good screenplay good director neither glen glenda despite subject matter could moving picture confessional movie wood part transvestite real life well screen make good movie watchable one matter glen glenda jumbled disorganized mess movie sink new trench realm bad cinema make sense notoriously silly scene bela lugosi scream pull string inexplicable footage stampeding bison majority movie narrated monotonous voice reminding bad short informative film seen like one really bad short film expanded seventy minute feature twice dull sit age waiting plot never come real attempt even build energy camera locked one position many grueling minute long stretch time nothing happens moment worth anybody time bela lugosi manages bring light dark trench guess lugosi supposed like deity film personally care less supposed tell gifted actor wound making trash wood good friend liked working good br br always admire edward wood jr passion cinema never long live admire movie film critic called ed wood movie innocent fun think even questionable innocent yes fun sir citizen kane mount everest cinematic world glen glenda probably mariana trench,0
sat tv hoping name would worth time dear gussie whoever thought script worth producing basic idea excellent execution appallingly bad constantly illogical sequence scene ending almost laughably melodramatic poor rock hudson wanders understandably confused look slightly sagging face look like bad b movie,0
remember worst film watched total waste actor audience time prefer sitting tv think film right film maybe film recorded make people believe moscow mystique past must say expect anything else rade serbedzija expected vincent gallo film lack plot character development denouement entire movie underground tunnel mystique must fair camera effect even poor picture total waste time,0
really disappointed movie great actor potentially great plot seemed limp along br br charlize theron masterful role beautiful seemed like screen work car chase done austin mini product placement gone wrong wrong br br direction seemed edward norton bad guy obvious right start every time camera would pas would linger long norton would grimace something c mon hollywood give u little credit okay surprise u plot twist without telegraph br br sorry movie average always one appreciate work talent go movie one,0
mixing small town sheriff high school student fake rock music weirdo kill well reason particular film essentially make giant gila monster except without gila monster course br br anyone actually seen giant gila monster know one worst made film time frequently slow even funny believe giant gila monster earned reputation young director dying get work sequel let alone remake someone please explain film made dance sequence way historically interesting although three year date even spoiled since go,0
footlight parade among best musical comedy extravaganza snappy script star cast including jimmy cagney lovely joan blondell dick powell ruby keeler make film cut rest directed choreographed creative genius busby berkeley film grinning ear ear start finish br br busby course undisputed master hollywood musical gold digger nd street credit dance director footlight parade graced hundred scantily clad chorus girl berkeley trademark elaborate dance number shot one camera busby first director film close ups dancer obsession shapely leg rear view shot amply demonstrated overall effect highly erotic mesmerizing br br boy jimmy cagney play chester kent producer prologue short musical stage production performed movie theater entertain audience talkie shown surrounded crooked partner corporate spy gold digging girlfriend although cagney solid background vaudeville first film showed dancing talent joan blondell memorable cagney wise cracking lovestruck secretary ruby keeler adorable always br br film climax three outstanding production number honeymoon hotel waterfall shanghai lil one masterpiece likely duplicated today hollywood called special effect replaced creative cinematography br br claudia bottom line clever erotic best musical production number ever put celluloid thoroughly enjoyable depression era romp,1
course plot script especially casting strong film many fine thing see one aspect liked especially idea antagonist luzhini turturro ex mentor working evil sideline chess opponent italian dandy three piece cane turn real gent truly fine chess player credit opponent nobly go along plan end complete final game championship posthumously luzhin taken flyer window sad releasing way unstable genius widow emily watson death gallantry honorable chess master luzhin defence worked late moment lucidity allowed played italian gent commends play call brilliant talk dramatic end game,1
amusing humor fall flat decent acting quite atrocious movie simply hit miss guaranteed amuse year old boy niche br br child actor movie unfunny making family comedy tend problem beverly angelo rise material give funny dare say human performance midst mediocrity,0
salena incident set arizona six death row inmate transfered state prison reason never explained driving along heavily armed prison bus get flat driver forced pull road two blonde bird turn seducing incompetent prison guard manage get better six prisoner released shoot getaway car damaged leaving stranded middle arizona desert decide head nearest town salena several mile away take cop hostage reach salena find odd place completely deserted one single person sight soon discover entire town killed flesh eating alien firmly placed menu br br also known alien invasion arizona u dvd apparently working title terror town rubbishy low budget sci fi horror flick co written co produced directed dustin rikert real redeeming feature frank salena incident sort film give film bad name film could roughly divided two part opening forty fifty odd minute focus prisoner thriller feeling opening guard escape although pretty poorly written staged stuff dialogue two blonde bird prison guard bad unintentionally funny two fit bird chat two fit prison guard funny stuff actually unfortunately salena incident supposed sci fi horror film comedy escaped con prison guard hostage arrive salena go sci fi horror mode alien turn start killing clichéd character good annoying look whole film suck badly written thought made really bothered go trust salena incident awful every level br br well bad boring stupid film salena incident also poorly made action set piece scene awful alien look terrible never shown screen time human character sometimes difficult tell happening special effect poor alien look rubbish cgi computer effect absolutely terrible well editing poor cinematography poor set cheap whole thing eyesore really bit gore gunshot wound someone ripped half severed hand seen br br obviously shot low budget salena incident low production value look cheap start finish filmed superior arizona acting terrible one ever heard although actress play female doctor pretty good looking br br salena incident rubbish sci fi horror film terrible every way worth minute mine anyone else time,0
got around seeing monster man yesterday long wait lot anticipation build glad say came met expectation every level true really expect much hearing plot rundown reading review ecstatic mean trash fan want see gore flick deranged inbred hick mowing people make shift monster truck went expecting cross road trip hill eye got much horror comedy actually worked film maker got right came making squirm making howl laughter time kudos michael davis going gore pushing envelope sickass humor let list reason love movie much first story done death many flick college guy get wind childhood crush getting married year old virgin hop vista cruiser decides take road trip confess love hoping fall head hill good jive hidden backseat station wagon good buddy harley harley loudmouth former friend laugh talk like jack black high fidelity help like guy friend real life keep whiffle ball bat handy laugh want ever hit one keep check little obnoxious side say least tell loyal friend deep anyway road stop bar aggravate local stalked leatherface clone monster truck yeah along way pick gorgeous hitchhiker lazy hungover go right watch damn movie br br second thing love humor one sickest laugh movie since cabin fever messed well even go whole cat scene corpse burrito thing leave virgin eye well bar full amputee somewhat disturbing guy looked like john turturro bothered harley although totally obnoxious frat boy type really sling one liner love clog way need new pair br br gore one pours heavy first hour play demented road comedy last third blood gut movie kept light tone throughout would little disturbing seeing played laugh way possible bothered still seat time come probably see humor seriously bucket bucket red stuff big plot turn see coming credit rolled completely satisfied gotten exactly came really glad bought much like cabin fever going get lot replay br br look movie outstanding deliberately cheap look made whole thing scream late loved exaggerated color obvious monster man done relatively low budget much like cabin fever sorry keep comparing two actually work movie favor cabin fever ode great answer take worth cgi needed exactly sure get theatrical release everything jeepers creeper thank god lion gate,1
first flicked onto log accidentally one night waching television since never missed episode br br humour weird like cross brass eye social commentary fast show excellent one liner amazing plot seems develop week without ever going anywhere best example hillary bris special stuff br br humour appeal say sick easy see coming nonetheless give try like watch like glad took advice,1
never understand studio like universal buy musical butcher bringing screen first thought seeing ava gardner robert walker starring would seeing something mgm musical best time boy wrong disappointed br br one touch venus starred mary martin kenny baker john bole broadway ran performance season gardner walker tom conway play role martin baker bole stage kurt weill ogden nash musical book nash j perelman comeback vehicle mary martin reestablished queen broadway disappointing venture hollywood br br look name went show given responsible book expected see sparkling wit production instead got rather pedestrian screenplay like wit drained best make eve arden playing usual girl friday role tom conway even much eve br br story concern department store window dresser robert walker kiss valuable statue venus spring life person ava gardner course statue go missing conway yell law suspicious walker last person statue br br rest film walker dealing gardner happen reason understand ava course dubbed eileen wilson walker sings couple line singing carried dick haymes olga san juan playing walker friend coworkers course broadway song done singer mary martin kenny baker would kind think haymes would playing walker role least awkward say least br br three song survived score look heart showing incomparable speak low haymes silken baritone shown best advantage speak low sung duet martin baker broadway reason lyric one greatest men verse last century ogden nash done ann ronnell suspect infamous code work br br lee server biography ava gardner make mention brief fling ava robert walker spat current man howard duff duff gardner reunited walker took badly speak gardner camera sure fact best work help matter either br br hopefully repertoire company one touch venus get see way weill nash perelman wrote,0
love bad shark movie really laugh hysterically scifi channel marathon culminating premier new original picture hammerhead shark frenzy based preview looked like going highly amusing essentially remake benchley creature really prefaced showing shark attack megalodon shark movie hilarity best mood ready go bring hammerhead mad scientist man oh god movie wrong br br wrong wrong wrong br br sick twisted messed br br theoretical reproduction worst friend drugged girl brought suspended animation strapped table screaming head shark human hybrid fetus absolutely insane scientist deliberately implanted womb want jesus monkey call disturbing br br really plot work hmmm thought mad scientist son died cancer brought back life combining dna hammerhead shark shark succumb cancer hammerhead reproduce via placenta oh look perfect amphibious created next evolution human race know let make reproduce darned shark gene made son bloodthirsty instead raping hot babe keep sending little jungle paradise keep eating check among random people way unimportant plot twist ended research island woman son engaged died bet lead extremely touching heartfelt reunion woman going impregnate mad scientist indicates thrashing shark person tank sweet br br watch movie ever,0
voting option compelled use next available figure br br sad day bollywood type movie star cast actor nothing bunch juvenile acting awful script br br movie nowhere near called clone hitch salman khan usual take shirt theme govinda humorous laugh somebody told decade ago would writing comment salman success maine pyar kiya would written,0
never heard movie saw dvd great movie perfect example movie took every cast member make work overhyped typical hollywood movie old overhyped actor current quote list actor could pulled performance movie brought back memory post vietnam war military experience concentrated people sent fight portrayed character fear emotion even volunteered service regular people cut military life remember experience put mildly adapt military life either never forget stayed touch highly recommend think serving present day afganistan basic training trip notice drill sergeant morning people maybe need sensitivity training ha ha ha,1
u appear run uk police run around armed teeth know cid officer change uniform stop work go pub got one unrealistic film worst portrayal real uk police ever foisted unsuspecting public see mr snipe might needed money pay back tax bill heck good actor like charles dance mystery br br worse worse low budget b film hour half suicide time never get back br br avoid like veritable plague,0
wow strange film david lynch movie surprise weird br br defy anyone totally explain everything film done research following second viewing film pretty much know story first look aid reviewer outside help hard figure thing boat confused feel bad normal let say key film naomi watt character br br rate find film fascinating love wonderful visuals rich color find character movie really different fun watch camera work excellent music creepy la lynch blue velvet also good sound effect help dramatic scene well scored br br like lynch twin peak television series film end pieced together afterward since lynch thought film going long drawn tv series happen pieced last minute ending may account confusion end lack explanation concerning character see earlier film mysteriously disappear br br theme story supposedly negative comment hollywood people especially whose dream actor crushed br br watt leading lady laura eleana harring interesting watch especially celebrated lesbian sex scene look wise woman chameleon looking average time stunning time br br enjoyed movie second viewing first curiosity piece intriguing movie feel stupid make sense thing,1
family dad louis dale midkiff mom rachel denise crosby year old eileen blaze berdalh year old gage miko hughes move beautiful house maine seemingly unaware semi roar highway front house every second neighbor across way wonderful fred gwynne make feel home show pet cemetery child bury pet little sacred ground bring dead back life dead come back nasty mood br br definite spoiler novel stephen king good long developed character situation made care happened movie jettisons character development play gore violence animal killed camera know faked still repulsive little boy hit semi casket pop open funeral totally sick scene brought back life attack kill people including mom wonder year old able hang ghostly jogger ask try help family reason movie work audience shoving every gruesome death violence face go way shock end spoiler br br acting help midkiff dreadful father handsome buff totally blank crosby much better two kid annoying gwynne single handedly save picture effortless good acting br br picture show total contempt audience taking large leap logic character incredibly stupid thing especially midkiff end movie inexplicably huge box office hit led even worse sequel saw theatre back disturbed audience kept cheering violence appalled saw sick repulsive horror film way br br think get worse ramones sing title song wanna buried pet cemetery truly beyond belief,0
typical mamet film delivers quiet evenly paced insight make confidence man joe mantegna good explored psychological study noted psychologist lindsay crouse slowly pull world usual nasty consequence cast includes number player found several mamet film steven goldstein jack wallace ricky jay andy potok allen soule william h macy usual good job loved lindsay crouse film often wondered become noted player become perhaps looking right place br br movie proceeds slow pace flat dialog yet maintains level tension throughout logically lead bang ending expect real let ending found uplifting satisfying love movie,1
hearing rumor upcoming leonard nimoy demonstrates blu ray disc advance past year ranging steady cam cgi interesting see franchise reinvigorated hope help remove bad taste left mouth whole magnavision demonstration fiasco br br yes leonard nimoy demonstrates betamax vcr brilliant milestone entertainment history tentative leonard nimoy demonstrates compact cassette downright tacky leonard nimoy demonstrates track tape would expected glorious piece cinema weeping right thinking,0
movie dismal attempt recreating crucial time english history film version cromwell growing involvement war marginally accurate overall historical accuracy movie way film implies war started religious difference civil war way catholic versus protestant side protestant cromwell never present battle edgehill ever save day royalist win battle ended draw br br another reviewer noted cromwell certainly one five member removed house arrested br br overall movie decent producer tried way hard turn great br br definitely could better,0
movie funny mindless funny enjoy movie completely perception film like go enjoy side joke pun involved film still find bit start funny say want beer cock funny stuff make film decent fact try hard create serious spin film many comedy try serious aspect believe different focus funny must say though yasmin bleeth terrible film add nothing main guy coop remer squeak funny watch make film great watch,1
robert downey jr th century wig dress enough make shudder believe great actor like sam neill actually took part movie whole thing unbelievable especially like merivel cure crazy dance hey presto everyone happy better guess like character merivel much therefore watching whole movie supposed transition whoring buffoon great physician grueling br br also entirely sure think plague well famous fire london took place simultaneously,0
every long movie come along awful feel compelled warn people labor day save one soul watching movie great joy br br begin discussion pain starter musical montage every five minute character development every character stereotype swearing guy fat guy eats donut goofy foreign guy etc script felt written movie shot production value incredibly low felt like watching junior high video presentation director producer etc ever even seen movie halestorm getting worse worse every new entry concept movie sounded funny could go wrong gary coleman handful somewhat legitimate actor trust say thing went wrong wrong,0
okay br br penelope keith miss herringbone tweed b b e backbone england killed first scene right folk show backbone br br peter toole ol colonel cricket first war emblazered lord manor br br joanna lumley ensweatered lady manor year younger colonel year past prime still glamourous brit spelling mine enough toy boy side alright col cricket full knowledge consent guy even come round christmas still considerate colonel enough said toy boy age gal br br david mccallum said toy boy equally pointlessly glamourous squeeze pilcher come cover within story gave hush hush job circus br br finally br br susan hampshire miss polonia teacup venerable headmistress venerable girl boarding school serving tea office dash deep poignant advice life outside world graduation best bit advice nancherrow local stately home england thought beautiful somehow part real world well say warn u br br ah susan time character would running whole show write em like loss br br cast setting like making brideshead revisited right br br wrong took dimensional supporting role paid well acting one oldest temp job name another br br first warning sign lot lot backlighting get around shooting outdoors hey sunlight br br second warning sign leading lady cry lot cry eye moist law romance novel leading lady dewy eyed br br henceforth leading lady shall known l l br br third warning sign l l actually star eye love still give emily mortimer award act spotlight eye wonder use contact br br lastly fourth warning sign screen female character mr either miss lady br br said done still tell pursuing even tell said done br br sum live world war ii without anything happening br br ok end l l find lost parent japanese prison camp baby si come home catatonic meanwhile always meanwhile young guy l l crush know come home wartime tough spot found living street lady manor must street going find war casualty whisked away recover nancherrow somebody whisked away somewhere romance story br br great drama,0
waterdance main character waterdance played eric stoltz find rehab center others similarly injured must face harsh new life confined wheelchair interesting promising premise unfortunately fails deploy ensues instead largely hollywood schmaltz interesting moment certainly cast eric stoltz william forsythe wesley snipe et al brilliant perform well one would expect talent wasted character mainly stereotype one kind another thoroughly unlikeable snipe character exception suppose kind attempt break people idea handicapped crippled weak depicting part face prick make entirely annoying experience admittedly show something permanent disability go way softened romanticized useful good idea process depicted make one difficult person get along worth dealing part parcel character must varying degree despicable disneyfied either surely middle ground somewhere film conclusion eric stoltz character come accept status handicapped person since flaming narcissistic monster beginning film end care less br br addition character problem film suffers weird syndrome many hollywood movie suffer syndrome really official name might call inexplicable forgiveness syndrome go something like character abuse crap without much apology forgiven especially obnoxious example movie breakfast club one character spends film verbally bullying everybody within earshot result love one latest example spiderman supervillain sandman lay waste chunk manhattan wail spiderman seems like monotonous minute waved amount bye egregious example ifs waterdance sequence called n word william forsythe racist biker character friend previous scene wesley snipe character whoop forsythe character next scene nothing happened short time hence without much oh yeah sorry business back know called n word make wonder people actually watch movie release film eye closed kind slap together editing room according scene number call day work,0
course could obviously co opted several aspect excellent movie also based sensational french case self described doctor world health organization murdered family finally unmasked fraud emilio refers son monster sings radio car hang park bench specializes investment scheme defraud family friend directly lifted time came year nobody life bad movie pretty good good acting writing whereas vincent time much subtle character seems sense ethic even though time get twisted knot protagonist seems devoid character save winning look charm seriously part used x ray show mother law cancer bilk money father utilizes subtle twist scam avoid eviction fancy home failing pay lease time almost much guy shame whatsoever fact like lead stepfather poor schmuck get fired humiliated face disappointment family friend feel forced invent shiny new life vincent time thus one could feel tension mounting nobody life violent conclusion coming one thing nobody life time definitely lacked love interest apart protagonist trusting wife hard understand sexy babysitter able fascinate ensnare emile degree ignored danger natural curiosity allowed lay bare less carefully constructed con given reservation mentioned pretty good movie found entertaining long something touching similar element go might deeper intellectually spiritually satisfying strongly suggest time,1
movie always broadway movie classic long still people sing dance act,1
could great film late poker pro pre poker craze stu kid unger turned disappointment br br tell filmmaker working short string budget everything look filmed cheap timeline seemed bit br br casting michael imperoli soprano also bad casting choice looked old play baby faced stu looked way healthy coke addict look footage wsop main event real stu skinny practically nose much cocaine wore sunglass hide kept expecting adriana pop yell chris tu phur br br also skipped fact son angie previous relationship committed suicide late br br every time saw vincent van patten appear kept thinking going announce show tune going stu head like wpt br br looking real stuey footage check espn classic rerun wsop main event every often try youtube avoid move like bad beat,0
first talking picture returned oblivion hear see autumn edison lab complex west orange new jersey thomas edison associate william dickson tried combine two existing technology phonograph kinetoscope record sound image together event dickson unable synchronise playback sound image experimental film never released paying audience consequently unlike many silent film dickson made edison time official title silent image recorded fps library congress year known film historian mute curiosity also known soundtrack recorded one crude wax cylinder languishing edison national historic site although nobody knew one br br changed recently curator located wax cylinder broken several piece reassembled playback obtained sound digitised hollywood veteran soundtrack editor walter murch cleaned background noise tweaked digitisation make synch film image murch digitally compressed fps sound image synchronised last br br film begin offscreen man voice calling rest fellow ready go ahead unseen speaker remains unidentified probably dickson assistant fred ott screen dickson play violin immense funnel mounted tripod one edison sound recording device alongside full view camera two male lab assistant embrace quick ballroom dancing tempo dickson music br br film last barely second long enough u marvel crude technology provoked laughter sight two men waltzing arm speaking warning well known extremely inaccurate reference book celluloid closet late vito russo includes frame enlargement movie identifies gay brother incorrect gay brother entirely different movie made dickson edison lab period gay brother never soundtrack brief fiction film two brother gay sense russo meant deceased mr russo reason wanted u perceive dickson experimental sound film arguably first movie musical artefact th century homoeroticism hmm gay men musical sorry content br br vitally important film deserves rating often maintained lost movie ever considered irretrievable unless deliberately destroyed delighted report film finally available audience producer intended century filmed,1
massive fan book orwell certainly favourite writer ever since studying animal farm gcse bought dvd sheer curiosity burton actor hold high regard heard played role brien swung br br watched trailer dvd first fear started set mostly regarding frankly terrible theme song hearing eurythmics mechanically shouting electronic beat bad sound br br acting whole pretty good burton hurt play role well tension exists ministry truth towards end felt especially harrowing room scene however also movie let movie spends much time focusing love affair winston julia frankly orwell writing writing harrowing future ingsoc build man belief shatter name made love big brother movie skip essentially important part book winstons coming term position life world education via brien br br comment imdb moment state movie stick book completely incorrect julia present winston visit brien commit goldstien brotherhood confess crime obvious mention initial instance winston find article unperson get mentioned near end read book completely confusing br br terrible screenplay excellent acting cannot rescue michael radford seems completely missed point orwell trying make electronica sound track frankly terrible,0
hilariously obvious drama bunch high school think kid enjoy non stop hip hop break dancing graffiti trying become dj roxy something totally honest bored forgot even people love music agree movie terribly acted drama failed dismally supposed find kid likable nice found bland boring one really hated ramon graffiti subway train looked upon great excuse defacing public property begin also great kid tap city electricity hold big dance party abandoned building uh huh supposed find bunch law breaker lovable fun br br could forgive music good stand hip hop song best mediocre nonstop always playing got point fast forwarding many endless music number cut music haver minute movie maybe imaginative number subway dance fight truly funny santa number climatic roxy show love hip hop movie looking good drama mixed forget also get pg rating incredible amount swearing,0
enjoyed show uk peak time seemed move schedule able watch surprised return idea still know guess important br br great performance two lead believable friend two supporting actress also added well mix guess part whole load show lifestyle centred friend obvious main one sex city came along year later br br character get take coffee drink nice bar sort thing little woody allenish way,1
three horror story based member transgressive hindu cult return home changed way first story former cult member insane asylum visited reported want find went cult somewhat slow going story told flashback two sit chair face reporter particularly interested lead death participant seemed rather boring suddenly turn exciting surprising twist story thing get quite bloody br br second story violent young criminal visiting psychiatrist mandatory therapy patient seems type agenda psychiatrist task thing slow bit get weird strange twist story well written surprising br br final story deal spiritual healer claim able remove person illness hand one patient former cult member successful healing get complicated surprised twist pretty gory scene br br nice female full frontal nudity well male full frontal nudity reason found story well written director succeeds entirely setting story surprising twist gory aftermath br br note review german dvd,1
supposed simple generic mystery plot involving dead philanthropist fact head ache inducing tale bunch character big actor ginger rogers early role trying find murderer among small cast resident posh apartment building character range utterly stupid downright mean cheap low budget production action revolves around rogers lead man guy care cause really sucked talking various possibility solving crime constantly cut absurd detective head butt honestly never worse time watching old b rate movie type seen real head slapper br br oh butler butler pay attention guy closest butler ya go br br polarisdib,0
nice see julie andrew trying straight dramatic role something done awhile character judith wise try pas judy old refined manner tomboyish hairstyle yore andrew enacts grown actress would interpret frigid surprisingly bland drama set barbados involving omar sharif liveliest leading man around even hoping make andrew spy also slowly leading proverbial bedroom unmemorable outing camp value james bond like credit beginning cheesy hoot julie quiet contemplative much audience film blake edward pace freakin thing like funeral,0
anyone notice tommy facial expression br br angry eye look give every enemy holding hand face mouth agape frightened eye smiling tommy turnbull br br say pretty much hate show watch like code lyoko watched least one must say show borderline racist uninteresting pointless br br every episode end robotboy winning except one exception robotboy basically let overly geeky freakazoid fly away jetpack br br joke pretty crude think mostly people saying word suck farting think bully show quite shocking br br one hide bowling ball hate us chain god sake kind school going mention older brother borderline psychopathic character quality br br whole show feel ripping megas xlr foster like could say trio coop jamie kiva well robotboy similar megas beat everyone matter odds free spirited despite robot br br simply appeal show surprised still running,0
wish would read review opinion movie rented waste money waste time little dialog dialog hard understand every way storyline plot weak thing nice cinematography br br character interesting time spend much time trying figure thing lack dialog rewinding movie lot br br watch movie mess leave feeling like mess br br say heck movie end,0
mickey rourke enjoying renaissance moment fair play always liked image acting ability fare angel heart johnny handsome know going get rourke mean moody dirty film give much want br br first foremost whole thing make sense rourke hardened ira killer killing bus load schoolchildren flees ireland london run cop army comrade also vowed never kill look like bus full kid finally br br however get london tracked local mobster bates looking like eyebrow hair came straight burton dummy kill main competitor turn £ boat trip u rourke reluctantly agrees seen priest hoskins confesses crime confessional order keep priest mouth shut figure better killing br br wealth thing arise add pick rourke competition illustrated scene whereby employee pinned wall couple heavy look like awl london guy tough enough anyway killing mobster get guy follow rourke witness killing eye guy simply kill competitor save hassle dealing rourke hoskins see murder take place police let go without protection may add take confession way rourke hang around church right next carried murder immediately crime take place go confession cop checking place rourke hang around church hoskin blind niece particular day afterwards without anybody bothering run stay put place committed another murder stupid cop actually meet rourke church fixing organ idea know run school bus bombing even check get rourke kill tell wait around day get boat think want get rid immediately kill one bates brother suddenly decide rape blind niece midst waiting could restrain day least rourke safely offed state ridiculous rourke suddenly inner turmoil year killing win blind niece immediately even know killer still love utterly ludicrous besides fall love record time day whole bomb thing end plain silly bates point view thing happen part film make sense simply help storyline say jest along bates house rourke whorehouse boat ready sail rourke suddenly display moral high ground respect whore house yet bed blind girl rourke asks henchman boat bates henchman practically spurt entire movement bos less second embarrassing guy telling rourke far even asked hoskin priest ex army guy see beat three henchman behind pub totally uncalled yet another cringe worthy scene br br gonna stop unlucky without mentioning rourke hair falsely red laughable accent fair bad sometimes deteriorates barely heard mumble time clothes walk look heaven etc mention music choppy editing style br br oooppps mentioned br br overall disaster film obvious religious imagery thrown rourke cross preaching pulpit would embarrass first year film student never mind top star director br br,0
recap band five young american men left platoon hit hard ardenne offensive wwii get assignment forward outpost look enemy activity really bad condition physically mentally think struck gold outpost abandoned plush mansion full food enemy activity odd hostile odd seems like german squad equally bad condition want nothing surrender br br comment based novel guess novel much better story seem translate well big screen indeed different war movie much mental pressure wartime fighting battle almost feel scene must full suspense full uncertainty unknown element fall flat movie suspenseful different many way absurd many time people act insane reason unclear best hinted br br mental pressure fails come main building piece entire story thought story fell good interesting keep edge really send message actually nothing br br cast interesting many young actor turned star beginning career acting good stellar character also fell absurd zone much feel due story character need time space pace given novel given going halfway definitely good enough br br,0
little old show first came first young child child show sesame street watch learned much else cousin born year year first one came latter barney big part watched first saw show told grandmother teach anything us magic fix everything time many year old idea really going tv show saw heard teaching barney told people bad show funny thing parent young child mid late way agreed said thing sad thing cousin older still agree saw cheating creative right think differently someone tell k steal person wont find mind gone let honest barney make money teach child anything flashy program inclined child watching child stupid educated know better second barney put show parent bought never believed tv could affect people way barney young child read watch show teach number let get involved show barney like smoking much smoke hooked let kid watch show hooked one day kid watch crap buy crap bought,0
brilliant russian émigré devise stanislavsky system winning contract bridge make beautiful wife grand slam sweetheart america br br could another silly soap opera elevated fine production value excellent acting status enjoyable little comedy unexpected touch thrown keep viewer attention engaged way principle cast introduced face deck card introduction zany acrobat plot reason enjoy bit lunacy way wide variety different kind american shown transfixed listening broadcast concluding game br br paul lukas loretta young well bridge sweetheart lukas suave sophisticated miss young passionately loving beautiful even script keep puffing cigarette bit much fun watch even behavior always believable compelling br br frank mchugh give another good performance relentlessly cheerful ghost writer adores miss young delightful glenda farrell eschews customary wisecracking persona small role mchugh ditsy gal pal roscoe karns handle fast talking dialogue brash radio announcer diminutive ferdinand gottschalk wonderful snobbish bridge expert br br movie maven recognize dewey robinson belligerent nightclub patron emma dunn sob sister reporter paul porcasi owner russian nightclub charles lane russian waiter jimmy conlin kibitzer final bridge game uncredited br br film take advantage fad contract bridge swept across country since development expects viewer basic knowledge intricacy game make attempt explain anything uninformed,1
actually thought comedy sat watching expecting laugh as pretty soon became clear comedy least jim carrey type one kept watching character movie start pretty grim troubled people gathered together try fight one basic fear fear water fear swimming start get bit bit life witness trouble guess thought br br actually made look much darker actually besides chain event soon brings light hope life br br probably watched movie known comedy rather drama good time enjoyed story mind spent minute br br many film treat alienation people western world movie show people get together help br br light dying day meet let pas leave loose gift sun br br br br peace love,1
comparison movie last detail made chaser flatter stretch interstate highway west texas like scenery desert nothing much distinguish even fact female prisoner transported two navy escort time around one cast come well lame script surprising dennis hopper director give much space one ever writes memoir think,0
movie sam wife glorious peter falk equally glorious olympia dukakis would movie worth seeing instead paul reiser vehicle little falk thrown wonderful elizabeth perkins also movie hardly know presume reiser impression giant movie star need appropriate vehicle even galling reiser took trouble hire best woman character actress screen today shoved background dukakis show last minute screen glow story falk dukakis really subjected pointless silly preposterous road trip reiser get show cute precious oh deep psychological insight wrong instance restaurant scene imagine reiser hoped cassavetes like laughably false confrontation reiser falk patently ridiculous embarrassed falk,0
like end day movie like b movie hoping would like movie br br could ignore poor effect often atrocious music cringe inducing line could ignore unexplained event fact movie constantly relies deus ex machina excusable given subject matter could ignore fact people fight hunger try reach world peace bad guy none thing kill movie kill movie plain simple boring nothing actually happens almost scene movie designed push movie creator moral viewer cost actually coherent story kind suspense br br looking entertaining b movie look elsewhere movie boring,0
men love police movie filled action shooting chase etcetera br br boy let watching short unsatisfying movie seen hostage bank surrounding yet bad guy shoot multiple officer innocent people simply stay line fire without getting hit due kevlar br br shot hundred shot going back bank dumb hostage lock safe door bad guy went stupid director think br br okay shot fake documentary good seeing film got thought police get decent shooting course many cop swat real long break truly bad,0
saw movie low expectation know lot sure going worth br br story ok job getting curious ruin travel suspense continues mayan show force stay ruin br br movie turn somewhat suspenseful pointless amount gore found movie balance compared whether truly necessary used shock value br br fact make attempt fight vine hell fire try burn try cut knife see could destroy quickly jumped victim role helpless attitude real reminded old horror movie people scream yell half brain try fight back,0
un funny un entertaining possibly worst movie ever misfortune watch think ernest go humour done even worse girlfriend sat see could consistently dire seems opening sequence yes avoid cost,0
shame movie good cinematography one plot supported work sarah cawley cinematography adam lichtenstein film editing sense go mexico city movie try realistic depiction life city unable shame lot film wasted american woman try find brother kidnaped first account story powerful interesting realistic seems effort come better narrative ordeal especially come issue attitude u embassy personnel mexico city dealing issue like one compare example frantic deal similar issue something similar said role local authority compare example todo el poder movie worth watching want get sense look city paying little attention rather weak plot many twist require rather extensive suspension disbelief going believe mexican patrol mexico city going go way catch main character mexico u border policeman going able use radio border mexico city producer movie worth mentioning unlike frida movie mexico least one mexican talk spanish,0
movie could lot potential certainly today technology one would expect real special effect movie made special effect alone course acting needed film lacked br br first let say upset following bible movie take artistic license want know story moses read bible seen movie follow true story fact fact look movie artistic quailities br br viewing movie inevitably compare version fails miserably heston brenner presence became role see br br even compare standing movie rushed part scene developed becomes boring br br advice skip watch campy far away better movie,0
grew watching inspector gadget still one favorite cartoon absolute favorite learned lot geography history spin inspector gadget field trip wanted slip banana peel become greatest detective ever br br film ruined reputation wonderful cartoon br br matthew broderick actor potential definitely role inspector gadget first thing film inspector gadget smart cartoon film gadget solves mystery mostly cartoon almost always penny brain awesome book still want book gadget solved mystery accident gadget film seems competent detective cartoon pretty dumb humor came br br another thing much good guy v bad guy film meant silly saturday morning cartoon also gadget never love story disney corporation filled idiot br br also miss true gadget gadget especially gadget car movie chic convertible cartoon sedan police car could turn van also barely gadget mainly get place place br br anything one thing terrible movie feature movie inspector gadget silly saturday morning cartoon movie serious overdone much plot even remotely funny br br tip seen never see ever watch cartoon true classic,0
miscast badly directed atrociously written watchable hour two kill suffering insomnia robert carlyle fully realises potential actor supreme mediocrity one expression repertoire chronically constipated football hooligan nursing crippling inferiority complex manages time alter slightly flaring nostril baring row skewed yellow teeth indicate anger tenderness grief surprise horror hilarity compassion etc role best marine engineer uk son university professor convincing neighbour cat tom courtenay equally miscast slurring mistiming every line appears permanently soused eyeball would seem able tell flood puddle urine standing another silly attempt part british imitate hollywood pulp rubbishy dialogue series badly delivered clichés action disjointed plot pointless amputated character call even make basic two dimensional sphere american counterpart,0
caligula share many attribute fellini satyricon bizarre sight freakishness depiction sexual excess set glory ancient rome fellini first entertaining far much screen time devoted bug eyed rubber faced mcdowell titular role performance far fey campy convincing portrayal jay robinson robe david cain haughton emperor caligula far persuasive believable latter nuanced relief could judiciously provided developing surrounding character fully little cypher one example role macro played guido mannari tremendous screen presence important role mostly left background positive feature credit adroit use prokofiev stravinsky theme music score inclusion distasteful nevertheless accurate action despot two factor far less needed relieve prevailing tedium however,0
okay good best picture please even close munich better capote much better good night good luck much better brokeback mountain well academy voter seem act like current day democrat please little everyone dare take concrete position complete moron office u br br worst aa presentation forget since way hollywood afraid bottom line set straight many voter apparently even see brokeback mountain get real get br br pathetic year since watching mid two br br wake whoever hollywood mainstream happened box office king kong last star war film another batman film make whatever charlie chocolate factory much come br br least original best picture e munich heard one capote great katherine keener even though know reese sing like cash carter etc syriana much better picture crash film done since early make best film horrible oscar night horrible year end another boring year least bafta best picture went brokeback horrible song pathetic think year left america usa someone come change thing bit maybe china since much country india high tech job largest democratic country entire world br br america become land fat pathetic stupid trash found place florida west virgina south dakota mid west br br drive local mcdonald burger king goodness sake order want get heart attack put misery,0
already year eddie murphy longer hot started making movie soon would forgotten funnily enough also year murphy directed first film also would first last experiment harlem night exactly call success even great see two best black comedian together namely murphy richard pryor blame actor played role like expected even face typical murphy laugh worst thing harlem night scenario terrible decor everything set roaring twenty everybody profit forbidden club sugar ray pryor adopted son quickie murphy gathering easily dollar per day course soon mob corrupt police come around corner claim part cookie sugar quickie guy give money free plan watch harlem night sure puke moment hear name murphy better avoid movie nothing lame excuse see good joke,0
temp much theatrical business direct video rip want anyway ellen bradford mel harris new woman millennium investment high scale brokerage firm start getting helpful hint wide eyed secretary deidre sheila kelley deidre turn ambitious daddy girl stop nothing move corporate ladder including screwing top broker stand murdering anyone get bad side dig skeleton ellen closet try cause problem husband barry bostwick kill making look like responsible kidnaps daughter try get embezzle money company br br harris kelley deliver competent performance supporting cast alright reasonably well put together fully compensate script travel well worn path offer surprise,0
think great many viewer missed entirely fact obviously parody western film br br bad movie clever tongue cheek take western believe film taking seriously moment br br make film even unique fact centered around strong beautiful woman two black one asian mexican hispanic character br br usual western woman tough draw fast shoot straight br br tough even bartender shaking pours whiskey br br plot move story along typical western vein shot brother gonna get western woman sister shot vengeance gang br br go round old crony bank robbing day br br one maria really interested avenging rachel sister motived fact gold jewelry hidden town headed br br couple scene quite make sense interfere much ignored wondered film could use little tightening well made film failed find audience recognized br br disappointment lesbian film villain heroine one obviously straight others sexual orientation never disclosed br br star,1
jamie foxx epitome ray charles moment stop seeing film see biography played great man ray charles truly genius music movie excellently depicted one ever ever write play record music like musical giant passed flesh world lost one greatest american hero far movie fact jamie foxx received classical music scholarship college could play like ray asset director could better double play piano try split screen someone else hand jamie face worked beautifully loved fact also picked difficult ray always nice man also root drug addict womanizer sometimes plain hard headed guess made genius fault pick jamie best actor,1
really problem rating movie directed brilliantly obviously lot money gere dane intense although screen personality could use bit defining spicing editing cinematography excellent hand one really really sick movie one cannot help wonder whether director like stage specific scene yes one cannot help wonder many copycat movie inspire br br purely artistic term really ask people giving money produce movie,0
started good sketch comedy first show good looking forward long run really funny mariah carey imitation take beverly hill featuring hair fight delta burke v william conrad heavy weight battle also good unfortunately following show went downhill relatively quickly writing became uninspired oh predictable show acquired cult following young tenure nothing fresh offered recurring skit boring one example gun family whatever called became weekly feature sketch funny begin let alone regular feature example quick promising start sudden fall,0
movie surprised thing clicheish technological element reminded movie enemy state starring smith part entertaining good mix jamie foxx comedian mike epps wannabe thug julio ramundo providing comic relief movie watch say wednesday night nothing else gave entertainment value,1
wow amazing lost piece australiana lost glam rock film rolled one film warrant viewing simply see done next budget lot enthusiasm retelling oz story film border becoming obvious saved eccentricity chance glimpse glam rock manifested australia delight fan genre film used double featured rocky horror picture show indicator type film oz frivolous well constructed rhps hard fun oz br br surprisingly oz aged well perhaps product determinedly set real australia passage history show many idea explored would eventually enter mainstream willingness film give prominence gay character notable especially date revolution period australian gay right push br br performance range flinchingly amateur finely nuanced brilliance direction lacking subtlety much dialogue may benefited extra draft two somehow flaw add appeal film mercifully unpretentious much like australia film certain naive charm br br several connection original australian staging rocky horror show keep obsessive toe br br oz certainly minor classic potential cult favourite worthy review laugh atrocious fashion swing along ausrock soundtrack leave expectation door oz likely delight,1
despite louis b mayer reportedly interested signing young greta garbo contract first american mgm film actress looked quite beautiful obvious film assigned amazing talent film production make matte painting nice polish artfulness expect best picture studio could produce simply look beautiful even year later br br garbo like early american film look different quite recognizable makeup much softer would become year later giving less severe look gentleness see subsequent film kind wish kept look considering famous become trademark look say gone route film garbo family unfairly forced land landlord landlady much esteemed doña bernarda claim bank demanded payment son fallen garbo better way get rid force street nice lady huh year pas garbo become new singing sensation world famous return hometown year later old boyfriend promised marry wimped mother doña bernarda refused allow see new love another lady tested content marry lady heir huge pig fortune want old flame importantly garbo even take back behaved spinelessly meantime huge rainstorm hit land begin flood home soon washed away deluge cortez friend make mad dash dam break scene obviously superimposed row boat cascading stream eventually make alive home garbo staying welcome inside stay storm pass admits still love braved storm make sure safe tell get lost next see ricardo get married second choice daughter pork king obviously little enthusiasm feel sorry lady nothing wrong soon cortez seen wandering back garbo home love sick need scene garbo quite luminous tell leave dissolve arm tell love br br doña bernarda learns pleased evidently pork queen better catch internationally known singer meddling nasty old lady garbo leaf unwilling come mother wimpy son cortez come running announcing must rest wife moment making proclamation family friend talk cortez convinces give good career reputation much rest wife huh despite cortez wimp reason cannot bring hate marries pork queen life dull life year later garbo meet cortez dull looking middle aged man beautiful ever surprisingly tell get lost br br time film made garbo star u cortez light surprising gave cortez unlikable character play instead usual confident valentino like role giving indecisive wimp huge wimp career slow downward spiral garbo role helped establish big star focus film played character much like later persona br br film new music composed nice though tad repetitive print oddly nearly perfect throughout except intertitle card could use restoration br br enjoyable film expertly constructed wistful worth seeing one time think real complaint excellent film,1
excited discover late sixty comedy staring favorite people maggie smith young bob newhart course peter ustinov disappointment thus compounded discover film work either comedy perfect heist film ustinov play small time crook prison set site large american corporation based london bluffing way past dimwitted ceo karl malden tech geek newhart ustinov pass computer expert immediately plan perfect heist part film need get passed tamper proof security system guard corporation mainframe problem one perfect plan work everyone else film remarkably trusting stupid lame excuse taken face value must computer center anywhere bother video camera second problem heist fraud really happens within first minute film robbing rest picture much way dramatic tension maggie smith sadly miscast ustinov ditsy next door neighbor secretary keep job love maggie smith seems together composed part called wacky physical comedian furthermore ustinov smith chemistry together maybe age difference later romantic relationship devoid actual romance still come little creepy ustinov co wrote script thought well time found unfunny meandering sad waste great cast,0
someone teach people made movie difference presenting multiple twist screwing audience even use hypnosis tool cover plot hole whenever find way scene say regressing past snapping think explains everything movie dishonest cheat last minute becomes full blown fiasco,0
arnold fan holler joy fan brainless action holler astonishment catholic holler br br illogically written andrew w marlowe ham handedly directed peter hyams end day get terminator open backed hospital gown arnold schwarzenegger return big screen heart operation whilst blowing thing mysterious way blaspheming biblical verse give catholic something whine br br doom sayers world live trepidation computer going fritz losing downloaded porn even technological stank yk mutton new york street ex cop turned alcoholic security guard jericho cane schwarzenegger perfunctory dead wife kid back story loose cannon effect must brave theological water save year old virgin christine robin tunney conscripted  wait  bride satan dun dah daaaarrrh stupidity ensues br br every anti hero anti christ gabriel byrne devil  party like mission impregnate christine anti christ pm midnight december  ironically hour porn lost  thereby bringing end day able read mind conjure hallucination employ limitless magic occur satan expedite impregnation process appearing month advance courting christine teen model closing panty raid easily appointed time instead appears december th like keyser soze terminator wonder welcome open thigh see comment stupidity movie nothing make sense moment uttered let alone contemplating veracity mythology priest rod steiger tell jericho really upside front wait prince anti christ br br satan soze pursues jericho christine j c  get around town point anything would actually precipitate capture one scene satan recreates jericho wife child tempt revealing hid christine see deeply jericho mind recreating family enough nuance inspire nostalgia see jericho hid christine ten minute ago br br satan make assassin talk without tongue yet make assassin unjam semi automatic weapon jericho shoot satan point blank range satan courteous enough open shirt reveal wound closing jericho worry unduly satan health sanitary go open bullet wound matter fact instead simply possessing jericho get close christine rape satan expends much unnecessary energy side project crucifying tongue less guy blowing jericho partner kevin pollak saving blowing ridiculously battling jericho could snuff effort thought wonder whether efficient assassin lover put case  say antonio banderas br br find precious end day arnold valiant attempt method sad mean scrunching eye blurting anything foreign accent depressed mean raising bottle lip blurting anything foreign accent deathly scared mean widening eye blurting anything foreign accent definitely pattern could decipher br br end devil dispatched holy men catholic pray deliverance apocalypse atheist jericho timid men impotent god exhort faith quiver cell nothing satan actually walking amongst prince darkness thwarted nullifidian big gun foreign accent clearly say something catholic blindly refuse hear even devil exist indoctrinated unconditionally irrationally fear would unable conjure belief downfall let alone act towards might truly want defeated contrary polarity god existence become tenable br br written book revelation prince darkness shall descendeth upon earth without solid game plan impregnate virgin date significance gregorian calendar adopts day numbering put sync equinox anno domine syntax annoy sensible people millennium time christian forgotten christ actual birth date appropriated pagan saturnalia festival stead prince shall effect revolution tight purple pant ambiguously lesbian band member believe people drained blood crucified alcoholic built like mr universe believe giant supernatural monster kill guy armed foreign accent even believe devil need perform hokey thirteenth century celtic druid ritual foreplay cannot believe year old virgin new york city br br especially around prince,0
connery could bring particular style line like fatima crash bond arm water ski super agent nassau apologizes oh reckless made wet super agent reply yes martini still dry br br barbara carrera make great villain stealing show spectre executioner fatima blush fatima number spectre chain command gorgeous assassin take intense sensation pleasure killing br br fatima assumes deadly characteristic fiona proving one bond toughest adversary victim vanity good want world know vanity downfall using every possible approach eliminate fatima wild cunning woman make love man kill br br austrian actor klaus maría brandauer largo make formidable opponent referred number one spectre chain command largo resides bahamas travel aboard super yacht flying saucer br br max von sydow becomes fourth actor appear spectre chief ernst stavro blofeld plotting put world ransom br br kim basinger take part owned lovely french actress claudine auger domino mistress largo soon fall deeply love rescuer br br black actor bernie casey becomes sixth actor play cia agent felix leiter jack lord cec linder rik van nutter norman burton david hedison br br edward fox portrays new unsympathetic pamela salem third actress play miss moneypenny lois maxwell first barbara bouchet second br br valerie leon sexy lady bahamas fished blue water saved life making love room valerie sardinian hotel receptionist spy loved bond anya arrive seeking stromberg br br prunella gee shrublands physical therapist patricia saskia cohen tanugi nicole bond secret service contact south france br br gavan herlihy jack petachi u air force communication officer duplicate president united state eye print arm two cruise missile nuclear warhead br br rowan atkinson bumbling foreign officer nigel small fawcett alec mccowen algernon armorer provides formidable item br br like see connery playing tense battle will disguised masseur attacked robot controlled shark giving away considerable amount money tango dance thrown medieval dungeon miss second two unofficial james bond film,1
disney bill paxton fine job conveying story based fact like game golf appreciate story one man struggle overcome odds could based sport simply situation involves competition though one happens related golf problem story would liked see bit deeper main character esp mr ouimet mr francis ouimet typical young man time turn century america class line well delineated woe anyone deigns try rise class standing bit historical research biggest question indeed answered satisfaction although circumstance bit different portrayed film came away feeling content thoroughly enjoyed movie believe,1
movie collection inexpensive b movie restored fact audio difficult discern first minute br br first seemed like typical haunted house film feel much like forerunner clue murder death house haunted hill etc br br half hour film storyline take really interesting twist go cliché melodrama something entirely different far entertaining initially thought br br check great deal fun even long clip wider shot near lack music score make feel bit creaky today standard,1
almost year event asked come mind day people would probably comment thing sight plane crashing collapse twin tower score people killed act terrorism heroism mixed together etc everyone alive time never forget day yet u memory although moving personal level come extraordinary film give everyone lose friend family member chance become involved personal level lost film need seen,1
definitely one witty twisted dunnit ever seen christopher reeve micheal caine brilliant kept going whole affair br br classy set piece prop really lend sense atmosphere proceeding minimalist feel work whole picture br br complain film lack decent widescreen edition movie dvd fullscreen version prof love film enough endure fullscreen presentation awesome deluxe special edition would surely get cash,1
skip mccoy three time loser pick pocket unable curb instinct back street pick purse candy subway train realise candy carrying top secret microfilm microfilm high interest many many organisation br br director samuel fuller crafted exceptional drama set amongst seedy underworld new york city communist spy shady government operative blend together make pickup south street riveting viewing first minute last based around dwight taylor story called blaze glory fuller enthused adaptation heavy set political agenda something many time felt done focus anti communist leaning big disservice br br digging little deeper find character intriguing fuller directed main protagonist one hero piece crook shallow human heroic born love country born sheer stubborn streak quite achievement fuller crafted one best anti hero sure grateful performance richard widmark mccoy grin icy cold heart interplay wonderful jean peter candy excellent film heart however oscar nominated thelma ritter take acting honour moe strong seedy surrounding character tired warmth ritter conveys majestically br br b movie texture film execution pickup south street real classy entertaining film best intriguing director,1
best thing movie name describes plot acting least cannot say warn kind like button labeled push br br segal must run thing move like plane train ship plot remains cover guy fight slowly still beat like mercenary type even blink amazes segal big barn bad guy still cannot hit hallway machine gun clip ammo bullet actually go redeeming feature movie watching nia peeples pound ja rule real name jeffrey atkins quite sound punk floor could spend day watching woman kick foot shoulder like especially wearing outfit like bonus watching jeffy get s kicked fun hoping one kick actually landed sorry time get stupid wannabe tough guy act rapper movie pleeeeease came idea anyway lay odds person decided cameron diaz drew barrymore would pas witty athletic angel br br surprising twist movie politically correct thing jeffy come save day doubt snoop otherwise known momma calvin broadus sound cool refer cal movie throw sign probably saved segal life something,0
excited see movie first place group u decided go see opening night felt like getting walking attempting get money back minute film felt movie boring uninteresting true many aspect including gaming tried best fall asleep movie watched one worst horror film ever seen scary movie series scarier movie sad attempt pull gothic girl overworked business man year old geek random guy video game kill bad plot begin try throw horrible love scene main character kiss another girl saving minute girlfriend murdered theater packed movie started end little half people left feel need waste hour minute time seeing movie prepare feel cheated,0
loved show used actually leave pub ten minute closing run road catch remember daniel peacock sketch gandhi newsagent masterpiece set design lighting world creating atmosphere felt actually living v unusual comedy br br unfortunately encountered one person apart reviewer ever knew programme existed fact thank imdb coming existence proving fact imagined whole series drunken haze seriously starting believe,1
film first british teen movie actually address reality violent rock roll society rather lucid parody teenage life attempt celebrate work liverpool junior liaison officer opening title point potential delinquent dealt scheme committed second crime however becomes merely pretext following teen drama film epilogue instructed feel responsible sorry delinquent however mixed might seem br br stanley baker play tough detective reluctantly take post juvenile liaison officer hard boiled character role typical baker currently trail notorious arsonist known firefly relish distraction transfer however good police drama led back full circle remarkable turn event back original investigation br br first case lead home two young child mary patrick murphy played real life brother sister duo committed petty theft meet cathie satisfyingly portrayed anne heywood older sister eventually becomes romantically involved quickly becomes obvious squalid environment inner city estate breeding ground juvenile delinquency br br elder brother murphy family johnny leader gang rock roll hoodlum mccallum eye catching turn americanized mixed kid owes like marlon brando previous british star one reminded brando character johnny wild one led leather clad gang rebellious bikers much way film johnny lead gang br br thankfully preachiness earlier dearden crime drama blue lamp apparent instead presented several well drawn character side law drama delinquent romantic interest heywood baker take forefront br br plot whilst time predictable deliver memorable scene disruptive influence rock roll music thought played scene johnny abandon music leading menacing advance police sergeant grippingly memorable piece film however climatic classroom scene bunch terrified school child including mary patrick held hostage gunpoint johnny obviously light real life dumblaine massacre scene seems horrifying understandably film seldom aired available modern audience,1
enjoyed previous ittenbach movie seen burning moon movie rather grim nasty premutos seems mostly play laugh admirable ittenbach made movie money spare time dvd documentary worthwhile see found constantly battling fast forward next gore scene sure gore want go ahead enjoy warned inordinate amount lame comedy tedious story exposition many comparing peter jackson movie especially braindead looking jackson similar budget bad taste clear ittenbach lacking one thing jackson talent pretty good plentiful gore effect getting limited resource worth money paid,0
know mouthwash commercial guy mouth full listerine whatever trying really hard keep spitting sink great metaphor movie kept watching even though really difficult keeping mouthwash mouth leave minty fresh feeling movie left bad taste mouth spit chance br br premise corny enough fun first time like thousand year gargoyle returned romania priest knew fight kill thing long dead michael pare secret agent get bottom thing gargoyle run amok unfortunately premise completely lost bad dialog less enthusiastic acting part human lead best acting done cg gargoyle br br end movie feel like poor man van helsing check brain door might get dreary monday night gave star,0
time movie myopic desire present particular ending viewpoint simply bother actual story annoying type movie ending viewpoint conceived first story simply tacked reason often talk story jumping hoop twist trying vain progress preordained ending logical fashion br br story comet broadway jump hoop three ring circus ludicrous ill conceived disingenuous prone speaking aloud screen carrying quite rant br br central theme screenplay cesspool woman choosing family profession since horribly muddled end offensive people either opinion end point story theme becomes irrelevant often case poor screenplay acting save thing,0
snake train movie rented due pure amusement thought movie snake plane enjoyable action film obviously film maker wanted cash success low budget effort minute snake train almost unbearable witness keep pausing film something entertain due lack happening film throughout duration film never fully explained girl curse keep coughing green purplish goo constantly endless boring dialog two main character brujo alma discussing get rid curse appreciate low budget film making truly picky movie open genre budget snake train truly one worst horror film ever seen writer acid something end film woman suddenly turn giant snake importantly earth able devour train br br bottom line snake train movie need avoided cost intrigued like title movie seriously bad let put snake rest br br,0
movie lack everything except bobby deol standard mediocre one movie come close act single scene kangana complete fake acting br br great anupam kher guest appearance better minute bobby whole movie music nt compliment movie br br well contrast music bobby upen highlighted well great concept gone completely wrong movie nt proper ending please waste time movie,0
movie silly short funny movie unhappy easterner pleased west hire drunk wagon master john candy lead back east sight gag funny enough carry one richard lewis get nerve quickly honestly like anything ed lauter hilarious bumbling villain br br movie dedicated candy died massive heart attack ten day movie completed stand digital enhancement enabled candy character seen final scene candy good comedian gave u real good knee slapping belly laugh career movie caliber best br br also film recognize william sanderson gailard sartain ethan phillips ellen greene rodney grant,0
mainly ju boast outrageous forty minute worth material literally taken straight first ju consider sequel run minute leaf original minute worth film ho hum found deeply irritating viewer simply remember stuff mention dull watch br br ok complaint aside byline ju supposed explain lot unanswered question first movie frankly minute simply go far enough making kind sense original highly convoluted storyline br br however really nice new horror sequence show good film might time develop question raised original answered br br conclusion loved first original movie want see development story go remember keep remote control hand finger fast forward button forty minute,0
enjoyed movie ever since first saw theatre movie cast character script come together perfect synergy one character illustrate truth getting best people working together harmoniously building team achieving goal without ever preaching morality situation crafted well consistent movie opening premise tension build nicely humor clean consistent throughout movie manages pull right root character laugh pretty well way feel good movie good come br br amazes movie appears simple long term entertaining music perfect copy music typical serious post war navy movie help create humor point greatness eye beholder scene credit great music video navy deserve full screen special feature scene cut crafted well casting acting right br br movie classic great ever made without pretension fact lack pretension make much fun watch love guy gal br br day thought film wondered whether available dvd good fortune come u dvd came may headed store snapped copy wife enjoyed another hilarious night front big screen rated movie come together level far better many high budget film oscar winner entertainment br br listen fox home video great movie vault shame find cheap shot dvd badly degraded tint color year since release restore color present film meant seen gladly pay buck get picture right grateful copy give u eye candy film deserves recreating credit sequence full screen music video special feature,1
movie man like blow gas container br br also love mommy keep money coming take act broadway br br see cody power jarrett blow biggest gas container yet tonight pm br br however one day mommy dy jarrett go berserk kidnaps audience theatre make stand top huge gas cylinder br br losing control make scream made top cylinder unison br br noise deafening burst jarrets eardrum causing topple cylinder vat acid br br warner bros movie cracked,0
first time window opportunity see forgotten classic back early one art house revival watched fever dream exercise sexuality thought yowza got away murder europe back day unfortunately film heavily cut original u release blue nosed hayes office staunch government censorship board started holier thou bible thumper hayes former post office official believe due overall theme human sexuality heaven forbid human actually sex plot ecstasy concern young woman played hedy lamarr marries much older man later regret lamarr meet handsome younger man affair resulting divorce previous husband another hollywood movie back divorce despite fact film produced probably director first time working sound format e film seems possess technique used mostly silent film e expressionism still worth searching window early european talking picture along luis bunuel l age dor karl gustav dryer vampyre rated contains infamous nude swimming scene thinly veiled sexual reference would fare little pg today standard would easily landed dreaded x back existed,1
dragged movie four year ago french actress friend mine br br first half hour sitting uncomfortable seat new beverly theater hollywood hating film hating even hating french actress br br know happened pulled film way year despite fact one projector broke changeover hand theater close four hour worth br br believe great movie pull inside world make part drop talk friend coffee drink film one best filmgoing experience ever br br br br,1
watched film time never really liked fan termed nu horror dismissed account found little sleazy think thing irks hammer sexploitation aspect sex mind sexploitation surprised many people rated film highly another look creepy atmosphere bit omigod look bad stupid london prostitute woman little innocent anna get raped yet another nasty man ooherh suppose ultimately film depth whatsoever bunch nasty priggish men woman titillation value doubt degree victorian england like set even clunky dull impart sense victorian menace roger corman horror hand style atmosphere elegant horror exploitative flat footed trash,0
warning advise anyone seen film yet read comment br br first started watch movie expectation vampire movie going awesome considering rodriguez tarantino helped make film began minute already hope movie drain shocked first story going appealing anyway possible flat boring uncompelling point wanted turn getting frustrated movie dragged guess hope would get better finally showed vampire blew mind bad way thought okay movie started backwash horrible story two criminal slowly turned vampire movie thought going beginning like last minute add try make main character cool awesome mean around end bunny would intimidating character movie horrible piece crap dusk till dawn disgraced left terrible taste mouth disheartening thought head left body unable move horrible shock wasted minute life away horrendous film understand george clooney quentin tarintino cheech marin danny trejo good honorable actor could take part useless filth opinion dusk till dawn one worst movie ever made suffered eye see yourelf great favor,0
unrelenting non stop top explosive melodrama movie one worst action flick ever produced utterly unbelievable every way pace constantly fever pitched action actor gripped total hysteria nigh unwatchable stain nay blotch career everyone involved br br wildly exaggerated attempt excitement undermines resulting movie go come time setting event impossible take even remotely seriously rate abomination br br want see good asteroid movie see deep impact intense sensitive thoroughly engrossing everything armageddon,0
relief find imagining programme summary taxman great remember finding haunting particularly family viewing must time watched think girl age part attraction lead blond hair permanently sad state theme played flute recall although cannot remember went think intro showed playing maybe played flute programme especially sad maybe destined never know ended see clip hear tune least know,1
hugh ed harris hotshot bachelor senator determined run president one day however happens upon old high school classmate named aggie aggie diane keaton accomplished award winning author lovely face independent spirit hugh smitten convinces aggie become fiancé aggie sacrifice principle honesty world politics thing always seem able withstand rigor harsh medium blitz mostly nice romance adore tale affection hugh aggie absolutely love banter conversation good view however although movie try show political life reality completely succeed nevermind production value high script elegantly written advantage handsome personage keaton harris sit film find good entertainment,1
hey expect form low budget movie although seen dahmer say following medium put jeff pretty accurate depiction studied jeffrey dahmer case learned man low budget movie show mentality serial killer get past gore see underlying story sick mind loved movie brace low budget blood story seen eye killer action thought childhood arrest favorite line bothered look back seat might saved lot life enjoy,1
seen movie twice time cinemax first time unrated version soft core porn best second time trimmed cut sex nudity version entertaining typical beach movie sort way unrated version tremendous sex scene nikki fritz dude bottle oil world pun intended unfortunately trimmed version scene almost completely chopped sex scene rated unrated still fun watch sibling bigger star stallone sheen travolta etc trying act also get appearance b queen linnea quigley burt ward robin old batman series,1
bliep movie fiend better script nice movie done till end thought okay going back past part barf corny waiting fairy god mother appear wow happen good br br loved big tom hank see movie new form another kid wished older bigger pasé br br watch till come tv get wrong,0
tom listening one old time radio broadcast something kid today would watch tv however television cartoon made people got entertainment comedy music scary story radio br br tom literally shaking boot listening story phantom actually literally everything narrator saying hair standing end icy chill race spine heart beat throat etc jerry meanwhile watching tom laughing butt scaredy cat antic br br get taste see many year cartoon jerry torture tom reason sadistic pleasure cat asks trouble one thing minding business jerry physically case mentally abusing hard time rooting little guy br br early effort also minute longer followed sometimes one minute make difference actually dragged awhile could cut five minute without missing anything sketch went long usual tom jerry usually much faster paced,0
extremely bad one long train wreck last episode something see br br bought serenity episode amazon unboxed first purchase free good thing experience incident br br comment really acting since guess fairly new people really gotten job right yet least never seen type major show theater tv easily forgotten br br special effect absolutely horrendous true exactly multi million project original star trek better thirty five year ago especially got laugh bad guy reaper something like ship chased hilarious looking firefly smoke coming engine looking something like gigantic model rocket fully expected eventually see wiley coyote riding top chasing roadrunner modern jet rocket engine even bad br br even worst wild west type shoot out wondering actually watching sci fi film gene autry one br br regardless hype waste time something minute disaster called firefly,0
firstly must admit good movie would never watch movie pacino br br movie publicist strange hour overworked dizzy sick sometimes regretful like character really boring minute may fall asleep understand pacino wanted part horrible movie money br br since avid pacino fan bought movie people know bought yet even think waste time,0
film begin little girl rita seeing father killed apparently criminal squealed fellow crook later part make little sense girl grown adulthood still father past haunt bit later rita meet good nothing date one date bit intoxicated driving like total fool cop give chase speed away killing pedestrian meantime come really stupid part convinces confess crime assures lawyer get scot free oh would agree yet spends next couple year prison soon conviction boyfriend disappears showing total heel chump later release friend jack la rue informs truth boyfriend explains boyfriend family loaded shake lot cash trouble put taking rap frankly make sense certainly owe especially since knew go prison every intention using casting aside br br idea bleeding money rich chump good plot idea however way would occurred first place hard believe anyone could stupid take rap hit run interesting twist dumb lady decides life crime donning wig picking rich guy taking desert robbing gunpoint wow changed apparently love idea stealing phony e rich hypocrite however made sense soon stopped began shaking father old boyfriend bothered petty robbery meantime made little sense also bit hard believe instead wanting money old jerk interested getting put influence behind mob controlled man mayor odd odd br br meantime another plot develops involving young alan ladd undercover agent infiltrated mob chosen happens dead ringer real crook cliché make sense real crook jail committing crime fake one infiltrating mob another town br br eventually evidence ladd able uncover enough issue warrant mob kingpin including rita case bad timing interim made decision become decent legitimate woman met really nice guy want marry wow odds overall goofy rather dumb movie suffers kitchen sink syndrome word way many plot element weird twist make movie least bit believable plus since movie little hour long seems forced contrived relatively bad b movie crap studio prc note performance alan ladd gained great fame following year paramount br br way dvd released alpha video company sometimes release wonderfully obscure title mostly public domain never clean print add closed caption word dvd production value strictly rd rate best,0
first saw love limbo playing late free air tv five year ago since movie always remember warmly one film see forever influenced br br uninitiated australian film long history making beat comedy lovable loser love limbo sterling example whilst russel crowe name actor although day movie need rest aussie cast good still steal show nervous nerdy virgin loser though br br general premise lot like american pie group friend wanting get laid become men expect entire movie focusses sub plot lead mother various incident full humorous situation push towards inevitably sweet ending br br enjoyed american pie expect expect convention make appearance love limbo gross romantic comedy definitely share laugh fist pumping moment good guy win situation every guy australian otherwise relate br br see liked american pie almost famous strength good aussie cast easy relate good perve value weakness predictable point rating,1
aka bloodsucker lead dance br br lot naked babe one couple lesbo scene thrown film supposed take place ireland look like rome adriatic br br gothic lesbian get invited count island castle weekend one one seem missing head due madperson running around br br scary bloody room look like lit floodlight even though candle lit go figure sic br br dubbing worse usual plot serf excuse eroticism nudity directed euro horror actor alfredo rizzo one snoozer br br pretty boring,0
piece crap might acclaimed year ago one racist movie ever made native american indian played white men right wing republican james stewart huge racist real life like close friend john wayne stewart actor hal williams fired jimmy stewart show short lived series mercifully flopped williams black bad enough film dated boring watch dance wolf instead less racist view br br stewart forty awful movie made even ridiculous wig still looked like paedophile chasing year old debra paget surprised even allowed br br,0
feeling need someone play role arbiter public taste political correctness always manages get skin seem self appointed self superior pseudo intellectual type appear everywhere one family church bowling league br br guy would society completely disregard ignore went u unless course whatever fly face today acceptable language more general standard proper behavior br br latter day high tech book burner targeted great deal hollywood greatest achievement namely participation allied propaganda via unselfishly crafted message theme film br br coldly brutal generation banned code list unacceptable extends wartime cartoon meet new touchy feely socially engineered official attitude thought police foisted upon u br br truly surprised see seem volume animated short subject majority aware warner brother looney tune merrie melody featuring bug daffy elmer porky conflict hitler goerring il duce tojo like surprisingly though found ample supply cartoon mgm walt disney lantz paramount famous studio brother fleischer br br sap mr jap famous studio paramount picture prime example talking br br virtually indiscernible cartoon output studio max dave fleischer business coup de tat moved bringing new name famous studio sap mr jap bore none bland plot element would reduce latter day popeye cartoon level ultimate formula short movie br br remember popeye olive oyl together enter bluto usually exponent wolf whistle acceptable screen version male reaction feminine pulchritude olive fall bluto less honorable attention get little physical invariably blurts hey babe bout kiss point hear help help popeye diminutive sailor show save day replete obligatory spinach exaggerate schultz jap sap cartoon nothing like oh sure follows storyline popeye u navy brother fleischer put little guy service conform mood country open gesture support men conscripted first peacetime draft united state history max dave even put popeye service aboard mythical battleship u pensyltucky br br point sap mr jap others like spinach fer britain cartoon vehicle comic relief theatre program true sense rather sort grouping editorial cartoon much like great metropolitan newspaper animated short much like still one panel illustration character highly symbolic representative nation idea ideal lasting peace case hero popeye bug bunny whoever alone symbol enemy highly exaggerated visual metaphor abstract concept thought even cloaked humorous trapping wider palatability br br liberal stupidgencia antithesis intelligencia may see way sort behavior neo nazi book burner br br please allow future generation view appreciate view past happening historical humorous br br poodle schnitz,1
sort everbody see least br br glorify world show everyday person killed mained debased war person side eats sleep laugh cry,1
written brilliant monkees tv writer gerald gardner dee caruso way front last jerry lewis movie hardly working almost decade later jerry comedy evidently acquired taste admittedly occasionally worst enemy helm producer director even dreariest film always moment brilliance br br way manages amusing entertaining yes quite funny somewhat unlike typical lewis film pace upbeat ther lot excellent supporting player kind jerry hogan hero whole thing look kind like unsold tv pilot either love hate hopefully vill laugh,1
know describe movie definitely one weirdest movie seen long time unsettling time also boring place scene dental torture elaborate may attract anyone gore splatter found holding teeth aforementioned scene clever thing movie play fear dentist therefore quite unsettling br br humor film somehow hidden may recognized everyone fan weird strange entertainment teeth getting drilled dust film looking br br read comment feel somehow attracted kind entertainment give try br br rating maybe little weird taste,0
american come expect crapiness par course come horror unknown director directing unknown actor acting unknown writer truly expect suck suck becomes night success br br night success weekend month success blow start finish recommendation go knowing suck enjoy something better keep back way back burner entertaining way watching elderly cross busy street rush hour expect much almost never get hit actual car lot hoopla,0
annie rooney life officer father brother tim slum new york constantly getting involved many fight neighborhood kid annie secretly crush joe kelly whose little brother mickey head gang annie constantly battle gang headed trouble say officer rooney kelly sponsor dance tony plan shoot kelly order get even making look like fool front girl officer kelly get fatally wounded instead tim part kelly gang told tony friend spider kelly shot father go vengeance annie learns go stop brother time good mix humor heart film even though plot start minute mark film pickford enjoyable even though playing girl really get character haines play kelly tough able make audience feel emotional level scene officer tell annie father death ending really put lump throat mix sort kid throughout film fun watch rating,1
saw movie thursday night really boring day expectation rather negative movie ever watched jimmy american version taxi queen latifah ask seriously movie cute drew barrymore always sweet almost fell love fallon character meet cute nerd like movie like excellent simple sweet necessary sunday thursday even sport fan something american movie baseball fascinates probably fact sport norway br br first comment ever haha,1
amen magsel lot confusion going first know movie purchasing henry cele star every one bought movie thinking miniseries letdown would comedy young girl raped david hasselhoff spelling ok popcorn tv believable film english accent love story movie supposed young man rise military power slave ship captain getting jiggly english maiden looking daddy br br paid movie would call police would crime,0
terrible film sucked terrible know say film dinocrap stole reviewer nail as ahahahahahhahahahahahahahahahhahahahahahahah sigh roger corman hate god awful movie well really expect movie homoeric computer graphic another thing cgi sucked loud hate movie dreadfully without doubt worst roger corman b movie probably gayest b movie dinocrap sorry must offended nerd moment awful movie,0
italy produced lot really great original horror film certainly one first thing notice danse macabre style film shot beautiful black white due director antonio margheriti use lighting film almost look like could german expressionistic horror film coupled horror filled plot line ensures danse macabre film truly capture essence horror course fact beautiful barbara steele appears film harm matter good news continues film get flex acting muscle film made famous plot aware time released incorporates great edgar allen poe follow alan foster writer accepts bet poe lord blackwood spend entire night latter creepy old castle everyone spent night previously died hero meet previous wager taker br br nowadays horror film tend focus much shot result much beauty left genre refreshing therefore see film many shot incredibly beautiful female side couple wearing see skirt personal favourite shot smoke creeping door first antonio margheriti film even seeing one obvious one italy premier director also interesting fact screenplay co written another italian great django creator sergio corbucci plot meander little much time always enough atmosphere hand make sure film never becomes boring fact always intriguing even plot slows ensures thing way danse macabre utilises haunted house theme well done original help keep story eerie possible whole fan italian cult cinema want miss little gem,1
god incredible movie reminded much similar scene mel gibson movie soldier company lost cut scene pearl harbour british officer say ben affleck american like god help nation go war america br br put movie together would enough bullshit fertilise entire sahara desert br br story cut battalion may real enough movie could done without american preachy jingoistic propaganda attached audible groan cinema mentioned scene pearl harbour kidding either lost battalion however really class br br american think unbeatable inspired bravery actually cringed damn near puked swill spewed throughout diarrhoeic disaster movie br br fighting scene well made star script manure wrapped even brightly coloured ribbon still manure writer james carabatsos also wrote screamer hamburger hill mercy heartbreak ridge someone please shoot writes garbage br br director russell mulcahy australian god shame,0
usually like hongkong martial art fantasy movie hated one upon time china shogun assassin chinese ghost story even big trouble little china favorite film sucked much fancy trick stupid story br br,0
hulk hit theater long dvd old incredible hulk tv show popped attempt cash craze saw similar occurrence year prior spider man cartoon appeared dvd coincide hero big screen debut company leap opportunity ride financial coattail hot brand br br fact picture never surfaced shelf wal mart featured hero clobbered box office summer say lot guess everyone involved would rather forget fair fantastic four bad everyone say let rephrase unentertaining negative review might suggest br br veteran television actor alex hyde white remember role lead way reed richards brilliant scientist along crew gain bizarre power outer space mishap left ability stretch contort body outrageous length future wife sue storm rebecca staab suddenly turn invisible brother johnny jay underwood may ignite poor ben grimm michael bailey smith lovable lug whose body morphs mass craggy orange rock br br friend becoming accustomed called upon rescue world certain chaos seems reed old colleague victor von doom joseph culp living name villainous jeweler ian trigger exactly helping old lady cross street either hero save day course like superhero movie question br br striking fantastic four amateurish virtually every aspect dialog lame tired sound like written junior high drama class acting unpolished make third rate afternoon soap opera look like shakespeare special effect surprisingly good considering minuscule budget still positively embarrassing moment human torch fully ignites body instance entire movie briefly turn cartoon hear production meeting oh one notice intrigued action mean really cartoon least give mannequin fire held string prior scene foursome come earth spaceship crash pure teen backyard fare crew simply found field lit vaguely spaceship like object fire remnant major disaster br br course whole lot work script fairly coherent story simplified reed ben decide go outer space simply drop storm house ask care join really easy sort thing require oh know year training expertise world writer seemed inspired underrated genius display full house rerun bad may nothing compare painfully clichéd dr doom pulled right awful superhero cartoon right evil laugh slamming clenched fist table punctuate remark comic book least fantastic four ever featured villain obscenely one dimensional br br ultimately fantastic four saved complete turkey damn innocent tell people involved little talent experience really tried know final result would embarrassing impression big break people would flock theater bear repeating virtually money work sure half eaten cool thing costume thing considered well many flaw finished product fair amount fun comic book fan,0
like bad film thing steaming heap shaky cameraman horrible sound devastating acting waste second pile fifth grader could made better film first grader could written better script want real synopsis ugly chick neon bikini dancing way long disjointed plot made worse hideous acting location set even passable church scene take place dance studio oh yeah two tap dance number come blue br br oh total number naked breast even saved film add one trash heap,0
anyone argue fact urban cowboy still best document texas life time period consider following men beat wife get drunk bar nightly get married settle fight commit adultery compete mechanical bull try name movie depicts real life vividly dont make anymore seems current film always people lot money live huge home drive expensive car work movie celebration scene getting trailer pete sake br br anyway watch least week kidding dissected movie end end feel free email learn reason calling documentary consider following scene bud see sissy split amicably honk wave flip bird return half peace sign honking horn add impact tear br br bud mom call approx hour get town sunday see job yet accomplished getting drunk laid x help uncle aunt cover br br live like pig think scene needed think necessary could figure without showing filthy sink god love br br sissy allows wes help ride bull day possibly next day wes kicked crap husband steve asks hey sissy remember wes oh yeah didnt beat husband night let get lesson goin make mention fact seek solace later one bud sissy many fight way take place public gilley br br wedding reception picture taking session oh humanity could least arrange move chair way leg sweatin momma br br conclusion put scene like movie try show insight human psychology documentary real life br br wish director cut,1
like mel brook comedy men tights hilarious seeing outrageous comedy think many fail realize reason movie funny character acted well elwes well spoken former british noble lewis eternally annoyed king hope worth nooooooiiiise deluise fantastic godfather roger rees worried cynical sheriff actor actress loyal part joke flow forth ease yes seen kind comedy comedy achieve better character development opinion big lebowski funny,1
stan laurel became smaller half time greatest comedy team laboured contract broncho billy anderson series cheapies many parody major hollywood feature laurel parody film mildly funny even less funny modern audience seen original movie laurel parodying fortunately mud sand lampoon movie still well known blood sand starring rudolph valentino blood sand released nine week parody giving idea quickly broncho billy movie ground edited distributed br br various source including imdb state stan laurel character film named rhubarb vaselino final screened print mud sand original title hobo type font report laurel role actually cried rhubarb vaseline e agree vaselino funnier laurel copy elaborate sideburn valentino wore blood sand made longer parody valentino dressing scene movie made female movie goer swoon señorita named carmen original film parodied caramel girl like sink teeth br br movie like original apparently take place spain yet prohibition gag laurel us distinctive hat tipping gesture could become trademark like hardy distinctive necktie twiddle never spotted laurel film amusing dialogue rhubarb vaseline tell matador save bull vaseline becomes successful toreador lackey tell bull without sir funny disappointed laurel reply without br br one funny moment almost certainly planned vaseline show bullfighter audition laurel swagger bullring say corrida querida toss bull fence land thump near auditioners bull obviously fake gag funny anyway aye title card joke throwing bull serendipitous moment occurs laurel repeat gag vaseline sling second bull fence one land butt balance upright instant toppling funny somebody planned gag quickie comedy salute unknown gagsmith tech man rigged bull land position likely happened luck director editor smart enough keep br br silent era whenever hollywood made big budget feature film set anyplace people speak english common cinematic device show piece text inscription local lingo dissolve shot text english surprised low budget comedy spent money copy device see notice board outside corrida message spanish dissolve text english unfortunately photography cheapo movie dark effect wasted br br actress movie attractive including broncho billy wife leona anderson stan laurel common law wife mae dahlberg latter briefly pretty dance mae danced stan vaudeville act surprised spot charlie chaplin half brother wheeler dryden brief role since chaplin nothing movie mud sand laurel give funny performance quite unlike later familiar stanley character film much less funny brilliant work oliver hardy rating trivia note twenty three year later stan laurel last american film bullfighter played spanish bullfighter spanish voice post dubbed coincidentally film used stock footage blood sand valentino movie tyrone power remake mud sand funnier bullfighter much,0
claim matter hard seek never find better movie version othello love kenneth branagh magnificent masterpiece much ado nothing hamlet much dead certain also find oliver parker othello irresistible laurence fishburne various splendid role career quite terrific boy n hood always considered amusing role furious style greatest achievement course way saw br br play part othello probably challenging role whole career brilliant fantastic job irène jacob absolutely charming desdemona kenneth branagh simply phenomenal fascinating role story crooked manipulate villain iago marvelous othello part absolute elite among shakespeare ingenious work deal favorite topic crookedness envy deceitfulness jealousy movie adaptation certainly one finest film seen based william shakespeare play,1
exactly good thing said fantasy mentioned previous reviewer well br br bo derek extraordinary poetry inspiring beauty shot movie give even catherine zeta jones run money high compliment indeed nudity brief discreet looking face enough br br b greek island setting sun crystal clear blue water br br story dialogue abysmal time unintentionally funny touched woman peter hooten character slimy jerk bo overplays naivete character work dialogue bad unfair blame actor fact kept saying name damir almost every sentence major irritation oh although film set greek island hardly greek word heard apparently everyone kid old people speaks english whole time,0
okay absolutely love ben stiller although lukewarm jennifer aniston think girl act least every movie sitcom seen hard get past fake acting sound like standing reading right script movie one good thing ben stiller plot used abused ridiculous many movie type plot say force nature plot old outcome predictable boring knew everything going happen bore watching stiller always delight,0
doug mcclure starred british produced genre adventure one got worst lot know land time forgot critic please least movie featured location filming relatively good production value problem movie production value go way beyond bad good affectionate territory become bad think go see channel br br one case point first scene featuring intrepid cushing mcclure encountering monster painfully obvious monster average sized man dressed rubber monster made look twenty foot tall via overblown back projection becomes even painfully obvious hero trying escape monster running spot mentioned one convincing set piece really look like filmed somebody living room spare change left year doctor budget even former doctor peter cushing bland amusing line mesmerise british delivered flat way similar line spoken cushing horror express script devoid characterisation plotting memorable dialogue fact dialogue unmemorable also infrequent rare since monster speak better chief bad guy humanoid like warlord atlantis could explain plot anyone know plot actually br br tedious british movie even twin talent caroline munro save whole mood movie summed final sequence featuring two keystone cop,0
landscape battle open escaping prisoner snowy field full fence rather funny movement accompanied vivaldi four season touching opening soon enough learn know prisoner mob also treated humouristic burry man alive protagonist stop moment soon engaged finding book turndowned camp caring neighbour br br rest film set american camp prisoner released kind semi freedom semi camp perfect set study war criminality american camp polish nationalism catholisism grief human misery general br br film make important turn come woman film change light colour temper time turn prisoner slave holocaust think main underlying political theme film must mankind treatment jew world war nazi extermination mankind letting happen even forcing europe war emotional level film grief problem letting grief come environment make grief difficult difficult share grief people different experience br br film carpet underlying contradiction humour irony sudden beauty couple time film gypsy prisoner play harp emotional tune brutally rejected filmatically speaking protagonist example pick important essence film style theme come humour comic protagonist constantly loos find back glass crowd hay stack etc br br hard understand spielberg respect wajda see film great treatment light compared spielberg best grunwald intermezzo speaks narrativly brings film camp filmatically brings film dream eternity profound beauty anyhow also another scene let go without comment christian supper undoubtly ironical simultaneously deeply religious see transsubstantiation moment everybody falling knee protagonist saved isolation priest serve comic altar boy bell mocking scene also give emotion love nina get bread sun light fall upon bell ring spheric peak moment film br br main actor excellent role olbrychski perfect wajda protagonist doubting reflecting mind unable put aspect mind emotion life beautiful celinska great body acting debuting character unable express inner proud movement br br try describe everything often unable take nothing consideration wajda manages film either moving deep beautifully shot pay attention life society particularity moment joy one moment irony second moment grief third moment nothing fourth br br least two reason pay attention wajda film period first remarkable free expression deep political impact country first overthrow communism twenty year later second development filmatic narrative language kusturica rose grandeur,1
anyone think kool moe dee carol alt corey feldman comprise list good actor must smoking something love try sometime begin lousy soundtrack hammy acting action place typical amateurishly written hack fodder washed never love star actually felt embarrassed star film thespian missing top turd gary coleman would movie would made least somewhat howlingly bad rather plain bad br br one part film carol alt screamed think idiot yes carol agent please love decent holy go away stop degrading like film something anna nicole smith would take part br br would tell plot would one sentence fragment article plus mind drifted many time movie anyway barely paid attention,0
personally film go top four time exception james cameron proved time time master storyteller film alien abyss terminator clear brilliant confidant director far action science fiction go see story add strange quality film titanic much different stroke brilliance film exceptionally moving allows room surprise plot development interesting character development story everyone know story famed voyager sinking maiden voyage legend challenge cameron make truthful interesting entertaining film acting wonderful leonardo dicaprio play jack kate winslet play rose became superstar overnight release film film get annoyed supporting character given lot film purposeful elderly rose gloria stuart tell story quickly apparent rose jack story alone one else emotionally entirely satisfying leave dry eye theater home music become iconic legendary composer james horner finest soundtrack ever evokes much film audience song long become annoying still appreciate phenomenon film one problem usual james cameron problem dialogue memorable bad way cheesy point aside james cameron delivered masterpiece romantic epic sweep away journey lifetime heart go one,1
really enjoy movie first time turner classic movie actor well brynner steal show like always sexy one movie see brynner emotion actually movie first ever seen laugh play strong larger life serious role movie movie see masculine tough sensitive side brynner brynner seems lady man movie amazing brynner eats glass cup speaks russian tongue drive crazy love understand brynner kerr good chemistry star movie together brynner always die end kind reminds king way,1
well basically movie blow blair witch meet sean penn ill conceived fantasy going iraq show world war terror really script sound like written th grader offense th grader two main actor act entire film used wrong kind camera wrong type film know anything thing look like real documentary watched worst christian johnson took great idea made suck reminded time tried draw picture dog ended really bad stick figure looking thing looked like giant turd rather watch blair witch viii sit,0
two hand highly enjoyable aussie crime caper ultimately succeeds way film easily combine tense dramatic moment funny character situation give film right balance feel comedy film occurs naturally laugh set elaborately worked really funny thanks fact character movie excellently cast actor actress recognises relate aussie humor portray well realistically course helped immensely fantastic script writer director gregor jordan reading another review film american seen heavily criticised basically passing pulp fiction clone think rubbish film trying pulp fiction feel style excellent film totally opposite without wanting sound superior arrogant think fully understand film humor sincerity character etc australian least understand culture guy obviously faintest clue american whose review certain non american film seem ignorant trouble comprehending anything american product real shame really great film love story featured main character girl also portrayed real sincere sweet way proud film collection,1
may worst movie ever produced worst plot worst acting worst special effect prepared want watch way get enjoyment light match burn tape knowing never fall hand sane person,0
christian slater tara reid stephen dorff frank c turner mathew walker sanderson directed uwe boll br br based video game director uwe boll attempt recreate game action packed nail biter sadly succeed instead make one worst movie ever made even though get minor celebrity christian slater tara reid stephen dorff movie lack necessary fundamental movie need good story line basic relativity going dark light movie bounce around uwe boll creative control mention bad cgi used making monster even though look cool feeding well little lame honestly one worst movie ever made final rating,0
oh dear disappointed movie rip japan ringu well guess u made version well least outright remake sad much enjoy watching filipino movie know great thing come little country believe happen claudine kris big name surprised would affiliated plagiarism aspiring movie maker philippine stoop low make money many movie buff watching movie filipino put enjoying,0
love morgan freeman paz vega attractive appealing talented actress sure would good movie anything happened nothing short less minute minute long hour frustration scanned remaining odd minute excruciating br br freeman play actor worked researching part might play checkout clerk supermarket visit supermarket work nothing happens decides give ride home go arby target car wash nothing happens converse life nothing happens ever br br get also get bill murray flick lost translation broken flower like movie maybe like lot people find movie like whimsical charming reason escape find dialog fascinating common device movie ilk long take stillness silence actor delivers line supposed meaningful know meaningful followed two minute nothing screen sorry must philistine get kind movie funny charming thought provoking boring comedy drama tension laugh suspense action nothing watch short none thing go movie bored free see oddball quirky character real life go target fast food restaurant car wash element movie make even star stuff pay entertained br br crazy morgan freeman like hear ramble nothing fun wanna drool paz vega look listen nothing happens promise total snoozefest,0
trying picture pitch dark angel thinking matrix thinking bladerunner thinking chick play faith angel wearing shiny black leather chick like leave one u get without plot dialogue character decent action budget loud bang hot chick shiny black leather straddling big throbbing bike fanboys dig loud bang hot chick shiny black leather straddling big throbbing bike right br br flashy shallow dreary formulaic passionless tedious dull dumb humourless desultory barely competent live action anime without action indeed life sf way joe fanboy like fact,0
family mother patricia clarkson father jake weber son erik per sullivan go family get together remote house middle winter accidentally hit deer driving anger local especially otis john speredakos thing slowly slowly go wrong br br expecting worst started watching bulk review site extremely negative well disagree first horror film horror even begin closing minute play like family drama horror element thrown level pretty damn good br br first bad stuff pace way slow jake weber horrible actor way many false dream sequence scare wendigo barely figure film clear view get wendigo end laughable br br good stuff pretty good dramatic script clarkson excellent mother great direction eerie sound effect little scary pretty explicit hot sex sequence clarkson weber actually necessary integrity plot pretty good acting sullivan time speredakos completely unexpected tragic ending br br think many people annoyed film pushed horror film ignore think might like giving,1
saw insomniac nightmare long ago first time say really found quite good fan dominic monaghan love hole movie take place inside mind acting everyone else little rushed shaky scene could cut work end extra dvd great film greater dom fan ton candid moment set outtake great interview director anyone gone making independent film love watch tess director dom everyone else small close personal set try bang little trippy creepy film pretty enjoyable glad collection,1
lonely depressed french boy mathieu jeremie elkaim vacation summer meet fall love cedric gorgeous stephane rideau quiet slow frustrating movie one hand absorbed really felt two boy getting annoyed film constantly keep flashing around past present rhyme reason confusing pointless br br spoiler ahead br br also ton plot hole mathieu one point something end hospital never told break cedric tell everybody else living told hook inexplicably another guy end explanation clear cedric love mathieu mathieu living town however tribute film really care character much thing explained br br elkaim mathieu good tall handsome nice body act idea acting sitting around blank look face time rideau hand great handsome nice body one hell actor also incredible sexual magnetism full frontal male nudity lot kissing fairly explicit sex scene movie great movie shy away showing male male love scene one help see character care feel br br frustrating film somewhat worth seeing especially rideau nude scene like good looking nude young men br br,1
long advertisement movie death tunnel although interesting history waverly hill sanatorium whole ghost theory interpretation ghost orb duplicate dust front flash camera ectoplasmic mist someone cigarette smoke lit camera flash see shadow people drew outline around blurry distortion image scientific explanation suggested phenomenon paranormal perhaps event one would see believe sure make plan visit sanatorium next vacation louisville kentucky,0
secret service agent jay killion charles bronson assigned protect president elect wife new first lady jill ireland difficult woman killion hand full victim numerous assassination attempt directed president chief staff want first lady dead movie insult intelligence story line also lack realistic location example scene depicting inaugural parade first lady roll royce convertible agent killion without president also know washington dc like weather wise january everybody top coat less even see palm tree degree sunny weather obviously filmed hollywood washington dc movie joke worth time,0
movie delicate argument searching something make think right tim robbins made wonderful job result kind docu drama shown school strong theme treated actor well simply great susan sarandon truly face love sean penn unbelievable almost always absolutely must see,1
recent boom dating show u television screen reached fevered pitch since first episode bachelor unsuspecting audience since subjected countless clone variation including bachelorette joe millionaire love money execrable married america hoping cash trend simultaneously tap exploit new demographic bravo unleashed disastrous boy meet boy upon world may mercy u br br premise simple designed light hearted eligible gay man courted number suitor eliminated show show one left twist half men actually straight much big deal inherent viciousness scenario kick hearing pay end show gay man pick straight man disguise straight man win cash prize gay man get nothing least nothing parting gift pat back hearty round embarrassed well thanks playing br br like equally painful queer eye straight guy another bravo program show another example stereotype run amok make even worse though fact straight men playing stereotype cash producer show believe put enough hair gel man hair dress abercrombie fitch pair designer sandal strip body hair fat voila gay equivalent putting white performer blackface offensive u like genuinely gay dress act like implies gay variance chance individuality behave like real people like stereotype never mind fact bank suitor sorely lacking kind diversity gym toned white look far scrubbed cleaned br br another example instead fostering acceptance gay dynamic individual capable variance change hollywood taken stereotype run way bank feel genuinely dirty watching show show gay man see unabashed parade soft core pornography masquerading legitimate television,0
movie grabbed attention like one see wanted watch movie twenty five year one time saw teen ager may year released br br remember movie touched deep held emotion profoundly still overwhelming desire watch intrigue movie provides human element father son seeking searching sure touch every human soul watch movie brought storage shown often many movie lesser depth know br br postscript received copy movie watching delighted see memory held true rating reflects movie content would like watch movie dvd seeing production used vhs tape took away overall quality,1
debating movie chose inglourious basterds due amazingly high imdb rating must say disappointment expected certain amount gratuitous violence also expected lot witty dialog got huge dosage former nearly enough latter felt shortchanged ratio violence plot important think movie get totally wrong plot believable really entertaining either save time money believe rating say gory violent taste modern mass,0
movie worst movie seen since date movie laughing whole movie instead scared funny snake would search particular section passenger body attack example eye tongue butt breast seen national geographic channel know snake wont stay clinched body bite particular scene snake would bite passenger would stay body biting person believe producer study information snake behavior cant believe wasted money movie recommend movie trust wait dollar theatre rent,0
hired dvd yesterday first started bad aspect ratio film keep getting worse acting bad movie way predictable like watching movie said going happen next guess happened right br br want see good action boxing movie watch one end disappointed low budget movie like go see ali way better,0
saw story plot script make absolute sense samvise brave part without ring character showing blue reason hercules hated everyone one know leelee sobiesky showing true talent two crappy special effect good actor wasting talent mention leelee two talent say awful even nbc tv standard lowest waste way people give mini series many star beyond shame make line final word avoid avoid u considering buying,0
well movie actually one redeeming quality made funniest season one episode mstk wish rhino released one instead crawling hand,0
one considers carson mccullers one foremost literary figure th century seems need great lack talent able ruin one story movie show done actor ingratiate way becoming director wooden unatmospheric unsympathetic totally sync poetic compassion mccullers writing jaw dropped horror disbelief mish mash movie could ever found finance backer redeeming feature moderately good acting although said vanessa redgrave seems permanently render much performance whatever character play good cinematography place otherwise bitter bitter disappointment could indeed contemporary masterpiece simon callow hang head shame stick acting,0
almost tempted demand money back video store movie plumb depth inanity almost completely unwatchable never bail film early painful view thorough waste celluloid vote would zero,0
usa movie like take nap long hot sunday afternoon feel great close eye let worry drift away soon lost one intense lucid dream know dreaming still wake want go flow soon kind weird alice wonderland story complete character think could dream telling kind crazy stuff war peace taking trip past even future br br dream start get heavier feel like going path control maybe want wake try open eye destruction sadness confusion scary voice telling could truth could lie seeing image flicker change get clear even want see brain creating br br finally lost myth world realize end come end world end dream wake next br br maybe write dream know dream like happen often better pay attention br br maybe crack beer forget whole thing bad idea forget,1
saw dvd apartment paris exchange program laughed hard cuz much going movie happened u mean yeah sure pretty clichéd still true know saying br br think related quiet guy italian xavier observer group anyway wish hot roommate like cecile de france seems like cool chick movie real saw hosting cannes festival last month br br thinking wanna go barcelona next summer seeing movie gotta check sequel came france,1
great movie laughing time well austria get along german bavarian kind humor guess movie make sense watching german native speaker stefan erkan talking new kind turkish german accent became really popular country ger aut course stupid every comedy personal humor decide whether thumb,1
rosenstrasse intimate film one epic proportion could kept away many film goer looking pianist similar plot fortunately von trotta good screenwriter opts feminist peep era much illustrated colorful exterior little analyzed term intimacy point view ordinary aryan german rather jewish standpoint rosentrasse find strength unsung burden people trapped within historical circumstance emerge victim pace film introspective poignantly slow meditative besides character vivid transition generation passing time deftly crafted rosenstrasse masterpiece narrative flaw well discerned another fault lie trivial cinematography unable capture intensity internal drama lived character nevertheless film worth seeing finally rosenstrasse part last trend german film dealing ghost nightmarish past trend includes excellent film nowhere africa recently controversial downfall would recommend film know read beyond image,1
first thing first movie achingly beautiful someone work cg film lighter compositor visuals blew away every second stunned screen story well okay going set world fire like futuristic blade runner esquire tale fine br br say felt voice acting particularly bland detracted movie whole saw cinema english hoping french version floating around somewhere br br definitely worth seeing,1
remember trailer legend zu quite impressive fan man called hero time favourite storm rider decided must watch one know way much critcism ekin cheng acting ability everywhere favourite hong kong moviestar far way better nicolas tse nevertheless one factor enjoyed movie without doubt film work art beginning end even thought actor real everything else computer generated end film must put lot work one deserve good credit storyline movie fairytale good evil love story thrown guess ekin cheng pull girl easily story intellectual deep expect watcing action movie wished martial art action fist fist instead battle magical ability well life never go way want sound like supersonic plane battle sky end way funny legend zu cannot man called hero eye flow like videogame bad thing company decides publish game movie get suprised carry videogames element good work please make fantasy movie like,1
dolph lundgren star former cop boxer search boston kinky scene find killed brother well thought community however along way learns brother enjoyed kinky sex serial killer blame dolph lundgren good movie fact basis performance one would forget lundgren rise fame involved action role said material give lundgren nothing work fact lundgren completely left dry dreary thriller predictable incomprehensible co star danielle brett also good fact film work best center around chemistry lundgren brett indeed film taken time explore relationship film would fairly decent however movie lackluster action non existent plot given enough exploration much boring b around lundgren investigation brother employer film needlessly gory ridiculous lundgren actually really good newcomer danielle brett film lumber one sequence next make movie particularly disappointing anything else though show underrated lundgren actor br br poor,0
historical movie always take liberty conversation concocted one could actually know said custom adjusted comprehensible modern audience etc however historical film actual historical personage make least minimal nod history film scene actually remember hero surprise assassin creep chamber night confronts dangerous intruder remember sending room service main entertainment value badness recommended local video story put turkey shelf,0
mature intelligent highly charged melodrama unbelivebly filmed china wei wei stunning performance catylast love triangle simply stunning oppurunity see magnificent film take,1
wasted minute life turkey gave main character completely clueless astoundingly unsympathetic humor blundering soon arrives germany screenwriter pull old one room hotel share room pretty girl stunt come least could let develop relationship bit first watch happened one night see right thousand movie since br br acting consistently third rate improvised dialogue left cutting room floor meander plan despite fact film telegraph relationship destination moment greta introduced br br first song boardroom mildly funny badly sung rest song well fair heard first half hour pointless awful singer painfully tune intentionally humorous sort way,0
probably best cinematic depiction life manhattan ad agency pressure perform client agency demand party creativity money cool surface powerful corporate undercurrent br br toss parenthood dustin hoffman br br movie textured deep follows internal relationship try understand live going relationship meryl streep friend becomes friend relationship son br br meryl streep great set record least screen time win oscar sure deliver though,1
read review found comparison movie v real life eg take get music school britney bashing etc etc let focus movie message br br rated movie age range year family movie average adult male br br like pop rock music know britney spear never realised actually sang stronger read credit review recognise poster wall worried self promotion br br watch movie entertained care casting lighting producer director etc movie entertain br br watched movie message world greatest epidemic low self esteem whole story watched message mind area interest movie light bright breezy great kid found texan twang began fade throughout movie course many way convey give give message yeh bit predictable great message though br br movie great family movie bloke watching get hannibal,1
br br step aside hollywood veteran wayan brother asked thats hollyweird demanded thats got however like many recent decision one stupendous mistake br br director touch today audience attempting bring back physical pratfall gag place funny dialogue disaster knew audience knew cast knew br br shame ever consider changing director two wayan brother played two four primary character without farce sad one br br sp br br,0
another attempt modern japanese director redefine chambara genre successful varying degree br br buddhist monk vision slay legendary active demon gojoe bridge order attain enlightenment forefront buddhist thought heart movie much like kurosawa ran probably made movie interesting although nowhere near ran league br br stylish visual direction excellent photography keep movie mostly interesting throughout two hour eighteen minute length lead actor uniformly excellent music really good two weakness story fight scene movie drag middle could fixed prudent editing fight scene mostly filmed blurry close ups work film finale feel like cheat another recent film like tsui hark seven sword great film promised fight scene disappointing asano really move like sword wielding demon acting great would extra traditional chambara fight scene br br good movie probably find interesting expect traditional sword fight,1
anyone looking episode law order csi would look elsewhere basic element police forensics work totally ignored case br br murder took place police grab year old boy street take witness year old man say guy sure old man thought kid back police car guilty never mind looked nothing like real killer dressed completely differently must shrunk reversed age year changed clothes br br police made absolutely effort admitted forensics evidence questioned witness beat confession year old br br saddest thing compelling look criminal justice system occurred right road jacksonville florida let everyone start talking southern justice,1
movie true reflection australian resourcefulness required make country last year pompous like british gung ho like american either country attempted crew would failed dismally either due ignorance british part much faith superior firepower american side true australian e non import one excel modern military conflict improvise adult life look example like gallipoli paschendale tobruk new guinea vietnam,1
time left foot little movie could hugely popular everyone applauded fact small independent film could make way oscar br br since movie like left foot dime dozen might hard retrospect understand fuss certainly well made competent film clear bulk success rest shoulder daniel day lewis immerses role cristy brown man living cerebral palsy day lewis pull bit stunt acting dustin hoffman oscar year playing man autism rain man academy followed suit giving day lewis honor br br thing really separating film big budget hollywood production budget every way formulaic standard product say good movie masterpiece br br grade,1
read another review thought movie would actually good enjoy b movie even classed photography probably half way decent thing movie editing left much desired choppy staccato whoever chose music sound terrible job music awful specially anything atmospheric scene setting acting better could pulled movie unfortunately seen better acting porn flick want see b vampire movie check blood tie much entertained,0
beware lovely originated play written mel dinelli apparently liked writing frightened woman first best effort screenplay spiral staircase also loretta young suspense thriller cause alarm couple year earlier play dinelli wrote originally entitled man ran performance broadway season dinelli effort broadway starred dorothy gish richard boone br br role gish boone played taken ida lupino robert ryan whatever reason rko thought eliminate age difference dinelli rewrote play screen wondering thought certainly frailty issue eliminated completely story br br thing eliminated people wearing period clothing around world war yet reference time story take place thought strange later telephone company repairman come ida lupino residence noticed truck vintage one era br br film almost entirely set within ida lupino home hired itinerant stranger robert ryan handyman film great object lesson hiring stranger without reference turn ryan schizophrenic imprisons lupino home day br br lead fine job even change made film like beware lovely stuff small studio like rko best done mgm paramount glossy trapping would overwhelmed solid story,1
movie good think tiffany amber beautiful liked movie anyone tell get hold song movie even soundtrack possible least get name song respective singer tried look amazon com tried cd baby either browsed google get detail would appreciate someone could give answer question know song belong country music sung country artist need title name along singer would recommend movie rather song country loving person,1
film tapestry series portrait rom community woven together music much musician film paucity spoken dialogue dialogue important structure narrative might expect national geographic tale custom dress music plot line orbiting central character look br br paint portrait family people rather telling story individual plot story space india andalucia time cannot tell people need narration get sense joyous people strongly linked small community social interaction important great sense sadness part rejection society large br br paean rom culture beautifully shot wide spectrum rom music sting tail oppression people faced still face,1
got chance talk co creator rebecca cammisa high fall film festival rochester ny said style completely open uninhibited filmmaking happy severely constrained tight quarter group home narrow hallway small room expertly shot realism would lost controlled deliberate camera work br br sister helen remarkable character coming tragedy life unusual combination caring tough street smart way film introduces u past excellent spending carefully selected minute sprinkled throughout br br begin correctly heap praise film really treasure cinema subject treasure humanity,1
see movie believe raf others giving really awful bio believe authorized shirley temple based book child star give feeling awfully easy please br br first ashley rose orr whatever modest talent way shape form even resembles shirley temple enough cast sort straightforward biography world famous child star give indication child revered except trying hardest shirley impersonation never click level none whatsoever br br major handicap whole piece bad enough drama inherent shirley story climb almost overnight stardom completely white washed insipid writing peppered occasional song dance moment even approximate shirley example codfish ball buddy ebsen probably high point shirley choreographed dance routine br br simply putting girl polka dot dress make shirley temple none shirley brand charm warmth appeal even remotely suggested see display pale imitation original proving one shirley temple br br worthless write anything mess none others ordinary lifeless role advice shirley fan read book better still watch movie br br pit,0
film brilliant retelling shakespeare classic love story complete kinky sex body piercing dismemberment follow spirit troma movie except combat shock sucker depressing troma fan anybody appreciates lowbrow visuals hilarious script without doubt fall love movie br br expect pretentious artistic wannabe crap like version r j claire dane leo dicaprio one know silly movie draw humor acting also surprisingly good feel sammy capulet pain try put brain back head br br soundtrack contains many original high energy band like wesley willis fiasco supernova meatman also four star movie viewed remains faithful original story still jam packed troma trademark gore sex humor,1
whatever rating give boom superb location photography sardinia rome otherwise hardcore addict elizabeth taylor downward phase richard burton miscasting phase tennessee williams wrote milk train stop anymore supposed fond adaptation play apparently one taylor reportedly hated burton needed money br br whatever amount hill bean taylor posturing fuming shrill manner exploding servant exchanging bad baby talk less noel coward seems visitor another film finally appears br br campy among taylor fan probably considered must see kind thing sit one without drink hand way ahead sadly film signified end taylor taken seriously film actress even winning two oscar burton equally disastrous critic called bomb judge dare,0
take say lightly seen many many film reviewed great deal print tell film single funniest scene ever seen movie might want listen lot diversity opinion make incredibly stupid movie funny get well blame much scene speak come minute mark involves dead convict shackled john candy point found film dumb confusing beginning lose scene came laughed hard peed pant movie ever done project began going berserk supposed sctv movie remember announced time went cast whittled john candy joe flaherty eugene levy also must regime change universal shot upon released shown nearly zero theater watching second time listened theme song actually flaunt incomprehensible plot lyric relaxed logic nerve figured going aside aforementioned routine going berserk many hilarious scene recommend almost stooge flick except much funnier director david steinberg razor sharp timing must laughing candy basically charge never funnier plot device explanatory scene thrown window absolutely run wild flaherty levy follow effortlessly plot plot like animal house plot yeah script uneven little slow start know however well appreciate full sctv style craziness transpires stupid stupid purpose need remember see see discover funniest scene time,1
spoiler fifth paragraph amazingly frank uh huh uh huh picture otto preminger carlyle production took chance making motion picture association america balked certifying film openly show junky jabbing syringe full heroin arm frank sinatra took chance playing addicted musician falling flat face role required least twice much acting ever done gamble paid movie classic though perfect br br nelson algren novel may great far much going fit comfortably two hour movie man golden arm minute often feel much longer however opinion frankie machine sinatra make film character sub plot involving frankie ultimately frankie addiction everyone everything seems dependent feel keenly pressure get much drum start pounding soundtrack frankie step across street well dressed friend louie br br exaggeration say frank sinatra music career ever really doldrums early limbo day touring big band la vega era eternity established serious actor career singer rebounded well man golden arm still significant challenge whole show sink swim performance pull skill several minute time forgot watching frank sinatra must known junky musician exploited knowledge utmost br br set side side billy wilder masterpiece lost weekend emphasis sociological cause addiction man golden arm whereas birnem ray milland lost weekend seems struggle mostly frankie machine beset external force take refuge needle neither approach wholly right wrong mostly addiction impossible fully explain seems like film might benefited little insight frankie internal struggle br br spoiler one problem film clichéd reliance quitting cold turkey realize man golden arm probably setting trend rather following make better beginning movie frankie appearance kicked habit help doctor treatment facility sort naturally drama film requires backslide found american ideal man face problem alone maybe help good woman place going cold turkey riding sunset kim novak seemed unrealistic end lost weekend similar opinion little less rosy,1
oh lord thinking one frantically unfunny worse good original trashed bargain jane fonda believe actually turned performance life one even better play whore called performance life maybe flat good crook time wow waste time segal team beautifully even remotely got glimpse anything funny baby catch anvil upon got beaten pulp br br little one remains one horror nothing baby remotely funny except maybe couple moment dick jane bulging lipped leper cant kiss uhh oh lord well look like br br truly bad film,0
plenty comment already posted saying exactly felt film ill keep short br br grinch thought marvellous jim carrey truly talented physical comedian well versatile clever actor opinion mike myers hand get laugh annoying used like much wayne world married axe murderer day ive never fond austin power cat hat finished br br film horrible gag horrible inappropriate child adult content fact dated havent amused anyone year plot messy messy messy shame really child likeable mom probably could picked better villain alec baldwin could pulled myers ugly revolting acted portrayal cat br br mean myers even glance script one written actor seemed one cat seemed winging br br hand would like mention set prop marvellous unfortunately cant save film br br poor dr seuss man genius dont ruin reputation adapting work lazy messy way br br,0
wish show would come back television greatest show ever make episode episode course would confusing wish would come back make episode please come back show absolutely hilarious laugh without seeing episode really funny part every episode plus show much better hyde jackie going best episode show best always best show ever really sad show ended make new episode,1
liked solino much heart rending story italian family moving germany story brotherly love hope disappointment film never boring go see solino,1
friend give huge box laserdiscs flash gordon serial say gonna giant coaster say serial rock whine moan almost everyone knew find laserdisc player em br br really little everything serial lion men hawk men shark men earthman guess call em mongo men set costume combine greek roman oriental egyptian even armour like english knight awesome costume riot horrible tights short em worn zarkov beyond description guy furnace scene seem wearing boxer br br also funny way renamed octopus octosack orangutan orangapoid tiger tigron even dragon godzilla like creature threatens flash couple occasion killed br br like invisible man got covered like sword fight wrestling animal men fist fight plenty taste underwater city sky city city top mountain tonne secret passage cave br br hokey effect massive amount sky city supported radium furnace stoked like old time steamship rocketships powered firework constant backfire humming noise lot wire visible holding thing like food flash invisible course rocketships cloud space none around earth viewed mongo giant lizard show briefly fighting sea creature supposedly threaten flash co way shark men underwater city gadget dr zarkov lab crack seem one matter lab worked ming lab vultan br br yeah romance everyone want dale ming vultan flash least one person wanted princess aura prince baron person would preferred fact seems lot sub plot concern intrigue part princess aura try win flash br br man think character awesome fat horse laughing king vultan hilarious managed wing pure artistry ming say ming perfect emperor starwars ming got favourite character serial princess aura quite little character pulled nicely think better actress dale arden long shot even sneaky high priest distinctive role zarkov good strongest character always stood background fight scene holding dale get flash flash course strong point leader hero well crabbe good actor role fit perfectly br br watching think know george lucas got main idea starwars watch see mean br br ever considered watching old serial serial matter first choice reason give one story hole could fixed easily way giant lizard seemed tacked couple weak character king shark men king lion men,1
people stated th season south park started trend leaving behind politically biting satire shallow spoof could truth br br episode spoof living dead series satire people treat homeless character say thing like pretending like u want human episode attack culture people ignore lower class often luck br br yes still satire also wonderful spoof could want,1
fist watched movie said film made like wong kar wai gorgeous poetic love story captured throughout even film must admit one best love movie maybe best ever watched content form overlap perfectly watching secret love see character bounded frame limit movement well feeling beautiful camera angle lighting make feeling blue even touchable want congratulate christopher doyle pin bing lee fantastic cinematography creates mood love also music defines sadness love play along beautiful slow motion frame show character despairing mood course performance actor make love real eventually element film combined perfect way direction wkw give audience feeling called love,1
definitely good idea screenplay ok could better positive bore adventure lover new idea lost world atlantis negative personally feel idea much potential ended better adventure bad would much better runtime enjoyed lot though cant say boring good good one people like adventure animation like sindbad like road el dorado movie also recommended people looking nice little adventure nice happy ending,1
working girl go hell soap time capsule candidate courtesy immaculate physical production costuming look bow pearl creamy johnny mathis theme song oh daring time sexual attitude rona jaffe novel film based keep republished year ago vanity fair actually devoted article delectable bon bon movie take look new dvd transfer know br br three lead hope lange diane baker suzy parker echo girl marry millonaire carrie bradshaw friend sex city gentlewoman songster spree romantic adventure sexual entanglement stuff paperback passion empty caramel corn calorie devoid nutrition impossible resist snacking lange genuinely touching neo grace kelly way baker properly dim idealistic timid virgin get gasp knocked hiss cad help cad played robert evans throaty voiced coke snorting film mogul surely lead many innocent young lamb slaughter beverly hill bedroom br br suzy parker fascinating first half film blithe self assurance knowing remark strut stuff panache fashion icon ala film sends madness obsession exudes glamour savior faire acting least adequate one wonder critic loathed virtually driving movie year later perhaps aloof attitude part good looking woman much bear sank ali mcgraw career generation later think ali mcgraw suzy parker basically actress br br film major flaw weak ending pretty much collapse romantic swoon end rather rising wham bang melodramatic finish like famous soap opera producer jerry wald peyton place lana turner weeping gnashing teeth rape trial hope lange wanders onto new york sidewalk spot burly eternally hung course sober stephen boyd simply walk together sunset one presumes otherwise pretty much definition guilty pleasure br br oh yes also joan crawford breathing fire young girl smoking cigarette hiss married lover phone title done hot pink ribbon lettering recall department store ad late miss,1
columbo got directed steven spielberg early point career nothing sensational small hint great thing come spielberg seen movie movie basically style spierlberg movie tv work mean character tend show quirkiness talking columbo character alone kind character quirkiness perhaps best seen spielberg movie jaw small hint typical early spielberg element call movie work fine example rising director star bad course said earlier also anything sensational br br movie began really well promising fine opening always murder occurred movie became sort slow also dull watch dull mostly columbo movie book real memorable moment dull boring movie watch br br murder quite ingenious concept crime story writer murdering writing partner showed great interesting potential story however really explored possibility least feeling movie left br br movie still good one watch nevertheless thanks character jack cassidy think smarter columbo due mystery crime writing experience try give kind possible hint leading away course columbo know better number one suspect first moment usual play game along br br movie good overall style us fine camera position editing funny see also mostly consistent spielberg later work especially camera angle br br fine perfectly watchable columbo movie let name spielberg attached rise expectation highly br br,1
one thing hollywood someone success always rushed copied another thing player give best performance away home studio br br rock hudson got accolade performance texas based film giant universal executive must thought let quick get another modern texas setting br br similarly robert stack got great review high mighty pilot cracking strain flying damaged aircraft natural give another crack role br br end achieved written wind hudson big ranch owner son hunting companion robert stack father took hudson wing word james dean part without james dean racism giant br br lauren bacall executive secretary advertising agency stack hadley oil company us hudson like dazzled stack million woos girl got mean really pursue campaign marries stack br br last least mix dorothy malone stack amoral sister yen rock rock get tangled wild child br br dorothy malone spent year whole bunch colorless film heroine role landing gem got best supporting actress award part marilee hadley well deserved br br like splashy technicolor fifty soap opera film,1
considering star born made twice already time film came production latest remake freshness attributed fantastic chemistry entire acting ensemble viewer could forgiven believing kris kristofferson barbara streisand couple screen well incredible display pure affection towards one another br br film described past barbara streisand concert film set soap opera storyline however anyone enjoys watching film take beyond living room world character seem truly alive star born well worth hiring price br br incredible soundtrack flawless acting touching reality regard human emotion true frailty life star born film draw world esther hoffman love life john norman howard br br film anyone see beauty real love kind keep devoted person even break heart,1
oh blockbuster movie simply stick selling point everyone cinema young old see talking animal make joke whilst happy lost space came two killer blow plot sentiment really cared happened tiger whether eddie murphy made daughter sure,0
even remotely funny mouldy waxwork film would still soberingly disrespectful stopping short digging boy corps enacting weekend bernie   producer larry harmon director frickin ernest film use holding copyright excuse crap stan ollie legacy gailard sartain fair ollie impersonation bronson pinchot reach tenth place stan lookalike contest even spot film would less detestable less said surrounding catastrophe better make utopia look like dignified swan song,0
first really great movie br br ryan reynolds great acting actor really like one amazing skill impersonate character br br soundtrack good music played right time br br idea nine lost world incapable leaving br br still give certain flaw br br horrible second part seems director eager make something new despite effort really boring br br annoying character melissa stand scene e constantly annoying represents everything wrong american woman br br terrible explanation number director busy character development completely missed point good story excuse koala brr terrible br br movie great potential filming nicely done music really good nothing br br see fan ryan reynolds lot time spare,0
love diaper baby movie make movie like today rich cinematic history goofy film made make laugh ever got kid act never know think precious kid make laugh others made movie show naiveté existed early remember film industry young stock market crashed world wide depression beginning film made give person break real world fact could see movie five cent beyond comprehension dinner cent different time totally different mind set,1
shakespeare fan appreciate ken branagh done bring shakespeare back new generation viewer however movie fall short conveying overall intention play ridiculous musical sequence add alicia silverstone stumbling dialogue reminiscent keanu reef much ado nothing poorly cast role equal excruciating endurance viewing,0
jean seduces young gardener sole purpose annoying husband little realise explosive drama follow br br short scenario waste word frame brief interlude day dysfunctional family life father mother son linked way gardener fact make script intriguing br br short film production every bit professional major work casting ideal br br wonderful little film guarantee laugh beginning end,1
footprint interesting movie somewhat difficult categorize psychological thriller appropriate description think female protagonist alice cespi discovers remember anything last three day clue torn photo hotel also haunted recurring vivid dream science fiction movie belief saw many year ago pursuit truth behind amnesia trust anyone little little becomes obvious visited town hotel located exciting flick whose main virtue virtually impossible predict event unfold particularly end unusual loneliness main character unreliability everyone else ensure good old paranoid feeling present throughout film whereas beautiful color spectacularly filmed sequence make visually attractive movie well important part one nicoletta elmi everyone time favorite redheaded obnoxious child star italian horror extra bonus,1
lovingly crafted terribly interesting watch garfield gritty breakthrough performance introducing new kind rebellious acting style would carry brandos clifts war sisterly affection bit suffocating priscilla lane bright engaging performer sister really register though allowed tart witty hard time buying male character besides garfield jeffrey lynn pleasant enough actor lack movie star weight match garfield hard luck mickey borden throw film bit whack imagine jimmy stewart someone part also convinced garfield would make pivotal say least final decision made film needed another half hour running time better explain action feel awfully rushed motivated br br still hard understand anybody grew picture would remember fondly fall short classic contain classic moment two gate swinging scene pure movie magic,1
jon cryer reprises role neurotic guy two half men perfected series longs good relationship girl like coworker developed tet tet partner girlfriend best friend pretty funny realize attracted start dating one funniest line tv ever think final episode partner discussing want propose girl br br partner prepares moment suggesting worst happen say br br armed newfound optimism proposes date dinner reply br br god br br laughed hard cried,1
first movie seems bad almost fell trance first time saw like bad dream cosmic bore gave second chance another another etc finally got addicted film due dreamlike slow pace wonderful natural set bathed mellow autumn light especially musical score made progressive rock absolute exquisite folk song actor singer songwriter derek lamb troubadour notice song hazel wood silver trout lady vanishing air heard middle near end film carnal scene beginning wich allow u appreciate natural charm elizabeth suzuki movie made repertoire director like bergman lars von trier jean luc goddard critic would rolled floor raving movie cosmic masterpiece personally think film one million time superior fellini cinematic sh ¤ definitely pretentious,1
narrative  whether written visual poetic epic  generally try avoid may character reader viewer easily overwhelmed trying keep track exactly especially true film think simply cannot easily go back refresh memory cinema viewer like however problem see film dvd vhs br br year ago introduced audrey tautou french actress first saw fabulous destiny amelie poulain later long engagement finely crafted complex story large cast character earlier offering exceeds others way character complexity br br director used technique robert altman player short cut gosford park others paul thomas anderson magnolia stanley kramer mad mad mad mad world comedy almost epic proportion difference film first director let u see inside head character second scene repeated mean refresh viewer memory story flip flop different time period br br basic  core speak  story concern young woman irene tautou told fellow commuter train meet true love day occurs first minute film clever irony point irene realize young man opposite gilbert robin may one true love br br go separate way neither realizing potential significance close encounter however chaos result throughout rest day two young people rest character appear series cleverly constructed interwoven vignette seem going nowhere yet br br story simply could tend boring even quite predictable script director rip expectation host innovative scene commonplace turned believable extraordinary event allow two possible lover meet example next time bird poo sky drop onto book paper consider alternative two character make obvious choice must occur irene man destiny meet stone chip flying onto windscreen consider would happen br br interesting enough interesting assessing new man came along trying decide whether guy one irene whether fact young man train kept guessing br br let think see delightful romp br br recommended,1
last time rent video without checking imdb review limey directed steven soderbergh also wrote wrote truly awful nightwatch ewan macgregor directed trash sight anti talented jennifer lopez terence stamp fine actor shame involved bad film frequent confusing editing seems like last minute decision order make lack story filming plain common sense film everything wrong thinking,0
screenwriter director intended open heart movie musician wanted music succeeded commonplace human situation became original personal immediate personally felt touched situation believe would credit power music combined point view person writing movie without spoiling say moved movie approach living actually cried joy empathy deep emotion long time would love find way show others saw seattle international film festival,1
never understood appeal show acting poor debra jo rupp notable exception plot episode trite uninspiring dialogue weak joke unfunny painful try sit even half episode furthermore link show extremely tenuous beyond style dress scenery background used show seems nothing modern sitcom old unfunny clichéd script modern sitcom dressed depicting show twenty year ago hope gain nostalgic viewer something like happy day wonder year employ technique much effectively actually pleasure watch contrast horrible pathetic excuse show,0
attic start well somewhat dreary story helped greatly two main actor semblance character study going film go downhill fast carrie snodgress character buy monkey one cute little monkey buy real big chimpanzee br br sudden plot device basically kill movie conceivable woman like one snodgress play hard time anything domineering father blue buy chimpanzee mean come forget,0
movie full pseudo deep thoughtfulness cloying writerly ness includes canned ham voice unbelievable dialogue dialogue tinny tone deaf way spike sometimes always writing certain character like nonsense film like piece april one hour photo another one br br said comment nothing ryan gosling shown awesome chop believer film prof movie director medium movie rotten fair say fault lie actor,0
voted excellent film took two snapshot americana one one every year afterward br br nothing really changed br br joe actually jerk big stupid slob mad everybody else world idiocy really spoiler key film big corporate never wrong guy making friend semi troglodyte joe get kind validation bigotry stupidity sense wronged br br yet would argue dealer boyfriend deserve die kid ripped joe compton joe compton actually getting hash young skin got ripped simple film many way except new york city par battle zone thanks nixon care money going war vietnam write long wait netflix film make happy think people want learn pretty good snapshot exact bit caricaturist actually pretty close back scary thing thing changed much sure welfare mean wage slavery br br amazing millionaire complain making enough money complain hour much pay people,1
long way laura otto preminger directs dana andrew star police detective named mark gene tierney beautiful woman haunt nothing else sidewalk end resembles everyone favorite sophisticated murder mystery instead deliciously quotable dialogue get gritty harrowing realism earlier film took place ritzy upper echelon new york society low rent district dark street hoodlum cheap restaurant crummy flat tierney gorgeous ever work department store mannequin life washington height neighborhood doll got fox fur laura mark mcpherson time andrew mark dixon older sadder troubled version cool cop trench coat br br sidewalk end belongs sub genre noir movie police brutality focusing cop control violent impulse like kirk douglas character detective story dixon owes seething contempt crook father criminal past douglas self righteous blind fault andrew burdened repressed guilt self loathing accidentally kill suspect cover action attempt throw suspicion slimy gangster gary merrill vainly pursuing year instead kindly cab driver suspected father dead man estranged mistreated wife morgan gene tierney dixon falling love wife man killed try desperately save father without giving away br br among noir protagonist dana andrew distinction incapable appearing unintelligent even playing average joe usually always come across unusually sensitive perceptive air thoughtful comfort give haunted haunting quality essence actor played ordinary guy cop soldier always tragic undercurrent seeing knowing much conscientious hero marked exhaustion guilt inability ever lighten actor could expressed well bottled anger slow burning pain agonized intelligence mark dixon also muted tenderness muffled warmth even wry humor make heartbreaking come take morgan restaurant regular first time see cold brutal man trading mock insult waitress whose sarcasm hide affection concern dixon asks partner money get lawyer morgan father supply even though recently argued dixon threw punch word loyalty knowing good guy deep see man anguished silence wife resignation hand jewelry pawn dixon goodness come across people reaction much andrew deeply moving performance br br though dana andrew minor star may quintessential forty man go movie hardly ever taking overcoat boxy mid century silhouette fortified fedora glass bourbon cigarette take mouth talk look imprisoned masculine ideal toughness impassivity many noirs romanticize two fisted tough guy sidewalk end offer unflinching portrait reality behind façade gripping melancholy exploration root consequence violence br br andrew sadly underrated time one three protagonist best year life nominated academy award though low key performance far compelling frederic march hammy oscar winning drunk fortunately andrew appeared film ensured immortality last little known film contains best performance seen part marvelous fox film noir set series including number never released title nightmare alley thief highway suggests twentieth century fox may finest record major studio came film noir,1
nothing unique either tv series movie prequel tv show found everywhere else life entertainment david lynches disgusting style story telling br br moment body poor misguided girl washed beach introduced mind numbing shady immoral character twin peak br br mind numbing almost pedophilia disgusting way movie seems romantically tell destruction human life random psychedelic phenomenon movie twin peak fire come walk br br watched make sure missing anything simply one man obvious sexual fetish extended long series fallowed ridiculous overly pornographic movie save self agony suspense watch anything else least ability tell story rather seduce kind mental porn movie br br heard lot review rant raf great david lynch ability define misery tragedy making kind wonderful thing life imitating art much sick twisted version art best inspire complete mindless life br br favor avoid garbage,0
movie fun board br br essentially follows comedic romp two grave robber th century england move conventional body snatching trafficking vampire zombie dead roswell alien idea roswell alien neither producer think br br funny bet even ron perlman often kiss direct dvd death pretty good one priest turn ringleader rival gang body snatcher br br real joy watch hilarious little film good example larger life ego either side camera,1
picked movie cover even knowing watched laughed hard one favorite movie time rusty guy created masterpiece would highly recommend movie one sense humor thank rusty giving u something laugh,1
humphrey bogart clearly want film forced play part mexican would suspended believe made wrong choice presumably success dodge city warner tried follow errol flynn usual list buddy like alan hale guinn big boy williams frank mc hugh ever present john litel made huge mistake trying present miriam hopkins love interest flynn v randolph scott singer really make thing bad proved one thing cannot sing story bad bogie clearly miscast also turned poor western overlong low budget fairness color would helped,0
woman cannot strong character movie without sleeping leading man campaign manager movie dream leading tom sellick white house think earth must affair added nothing plot served demean successful woman value tidbit cute slept husband scene br br also people made movie watched national convention spoofing airing two major political convention served highlight total ignorance nomination selection process,0
term art turbulent era literature visual art closing great fifty sixty year period creativity yet restarted music decade many see low point due corporate rock disco television golden age situation comedy odd couple mary tyler moore show h family film even greater period creativity genre saw rise american auteur director like robert altman francis ford coppola martin scorsese ash old studio system dominated hollywood half century director wanted craft literate art film mass sort staple europe since end second world war yet studio trying keep pace socially aware film sort seen since br br unlike film starring actor like jimmy cagney john garfield usually co starring dead end kid dealt social issue gritty realistic way realistic one could get sound stage social consciousness late early manifested science fiction film allowed left wing hollywood preach mass guise considered little comic strip entertainment precedent approach several flying saucer film dealt political zeitgeist mccarthy era notably day earth stood still invasion body snatcher early saw rod serling constantly subverting political conservatism time casting social issue science fiction setting classic sci fi television anthology show twilight zone among studio offering time ecologically sensitive silent running george lucas first film thx dealt consumerism group think existentialism logan run hammered away communism state control versus right individual film reference quite heavyhanded reek current arab oil crisis rampant inflation jarred strawberry cost soylent ration assorted colored food soylent yellow soylent red new soylent green reputedly made finest undersea growth manner unlike gas rationing time scene food riot eerie echo oil riot many gas station year film release scene crowding body live dead lying still chilling well influential later film like escape new york obvious progeny rest script stanley r greenberg however rather pedestrian fairly standard dystopian flick fleischer cinematographer richard h kline great job filling screen interesting image sound spice thing use soft dimly lit visuals murkily filtered add stygian feel new york film almost like colorized version carl theodor dreyer vampyr light film come artificial source fashion faux pa film could truly seem timeless br br end film thorn sneak processing plant human corps made soylent green wafer chilling oddly drama less end soylent minion hunt thorn survives long enough utter film catchphrase chief hatcher yet one know enough hatcher already co opted track record taking easy way yet fact ambiguity show film recapitulate character dilemma depth many later better made film sci fi also soylent green still film worth watching,1
ok chuck norris shown many entertaining movie year one even bother trying get plot bible shipment gone wrong acting main character wood like pinocchio would done better job synthesizer based soundtrack even worse one deathstalker whereas traditionally low budget spooky movie often trying catch audience adding plenty graphic violence one trying catch audience throwing religious mambo jumbo spectator plot boil different version bible,0
seeing aristocats special edition two pack fox hound decided buy since film childhood favourite br br aristocats classic definitely might five star classic fun film make good evening entertainment somewhat light refreshment darker serious disney classic aristocats try light hearted musical comedy think succeeds br br storyline really make much sense think plot particularly strong certainly weak animation background bit scratchy place typical disney film rustic old fashioned charm br br aristocats strongest point character music humour music memorable try getting everybody want cat head hurry song written sherman brother also music jungle book one song called never felt alone going film sadly make final feature shame think would fit well br br character unforgettable thomas malley voiced phil harris basically baloo feline form eva gabor give duchess warm maternal feel kitten voice actually sound like child actor imitating voice child secondary character dozen yet still end understanding personality edgar villainous butler play similar role cruella de vil comical scary often ending funny situation even though bad guy still lovable br br two british goose abigail amelia really cracking along crazy drunk uncle also like dog tend argue leader could go spoil tell aristocats funny entertain everyone without resort rudimentary toilet humour br br bottom line aristocats might disney crowning achievement even strongest film award tie rescuer many adventure whinnie pooh enjoyable romp sure entertain looking dazzling work art might better watching bambi want fun night aristocats way go charming lovable film impossible dislike enjoy besides good film cat seen villain,1
excellent performance still good actor around also great directing photography true shakespear must shakespear fan macbeth jason connery moved tear final monolog brief candle gave sphere moral decay dark force human face make interesting helen baxendale credible lady macbeth cheerfull time sometimes look like naughty girl deadly taste blood evil love death decay shakespears lyric one,1
north south book ii ultimate tv series spotting cameo appearance highly entertaining gene kelly james stewart elisabeth taylor olivia de havilland robert mitchum even johny cash¡ series come close achievement ever seen anyone looking like lincoln dick smith prosthetics made hal holbrock powerful performance even crafted costume jaw dropping location everything clear nowadays excellent bright tv series desperate housewife lost north south still one kind miss david carradine portrayal ultimate villain may call violent husband worth viewing maybe character situation stereotyped admit positive side clearly cast shadow glad finally available dvd spain,1
great character great acting great dialogue incredible plot twist plain language one best show ever seen life favor watch show regret show writes book sci fi,1
entirely bad movie plot new house built next door seems haunted bad mood creepy enough acting okay big problem familiar lara flynn boyle twin peak show get different look apparently new big lip kept staring look place face make look completely different better br br mark paul gosselaar actor play kim architect design pours heart soul house fine job lara col also quite good lip owner house next door husband walker colin ferguson appropriately wooden various character live house also fine particularly liked pie charlotte sullivan husband buddy stephen amell first people move house attempt involve u overall neighborhood vibe fails unfortunately neighbor particularly likable br br reason director unable make haunted house particularly ominous movie amityville horror legend hell house manage achieve spooky feel happen closest col paint depiction house br br another thing work plot twist occurs kim architect initially appears victim house like others sucked dry inspiration later seems joined force evil br br overall bad movie horror fan take eye big lip,0
would reccomend film everyone fan rocker luciano ligabue film buff sincere moving funny true ligabue born storyteller film lover every frame film made love care character loved ask loved italian debut film lousy one done outsider real joy watch listen stefano accorsi gorgeous reminds andrea pazienza like freccia beautiful talented good lost life heroin ligabue show unglamorous ugly without indulging easy moralism film speaks heart ear soul lived experience fm radio exactly like thanks luciano,1
real shame nearly one know top writing michael donoghugh magazine article snl skit genius time true shame anyone may take opportunity research work doubt take easy way watch video thus leading mr mike mondo video br br movie clever element never fully connect funny bone viewer experience thing cat diving swimming man think found feline happiness hurling kitten pool camera follows slow motion montage sequence taken island past fad retired hula hop pet rock rainbow dread wig etc enter music world punk new variety music time film rate bar performer rootboy slim performs boogie till puke lazy style dirt eclectic sleaze real beauty back ground music many different style many different instrument sound telstar play replay understand telstar first american satellite launched space theme created celebrate man genius triumph mr mike seems meant signal societal decay ridiculous waste one thing theater offered video release live performance sid vicious ex sex pistol wrestler singing way version different sinatra one might imagine frankly feel much worth listen good sad part vhs release paul anka refuse right song viewer forced experience minute silence explanation rolling across image singing dead sex pistol br br would give theater release video closer much passé see many people would give want see good donoghugh script watch scrooged better tribute man insight talent,0
along fernando fragata joão mário grilo abi feijó leonel vieira étc commercial director diamantino costa one best portuguese director lampião da estrela diamantino costa first movie made several successful commercial title starred one best portuguese comedian time herman josé josé pedro gomes great funny movie br br boa sorte diamantino,1
funny one day seen movie watching documentary leni riefenstahl comparison kind came automatically course br br movie weak every aspect acting convincing especially one play simona unnatural editing confused always leaf taste unfinished shot music fit story flow get boring movie come much longer oh character well shown actually tell much girl except see movie also try shock explicit cursing laughable br br,0
heard lot different opinion film find paris hilton well give best impression film dragged cinema group friend sit expecting pile pant shocked find scared stiff way film predictable yes build death whole atmosphere film made really scary watching finger whole way say go watch decide fact scary film convince go watch also chad michael murray bad watch couple hour eh,1
ever said movie redeeming feature whatsoever answer yes one helming appalling house dead director uwe boll cast less talented eye towards yet another video game adaptation guy get anyone understand block capital video game make good movie acting best sub standard set design special effect poor unlike video game scary moment movie atmosphere impending doom sense danger menace pacing plotting confused paper script printed would better used toilet paper main culprit director uwe boll us camera grace skill monkey using paintbrush hackneyed zoom swoop pan spliced whole dreary affair unpredictable moment leaving audience disorientated bored guy ever let near movie set first place must stand one modern cinema greatest secret avoid cost,0
watched film shire joy br br possibly one best film time timeless value get much amazing part moving funny great br br aspect spot portrayal story perfect every detail genuine even small irish subtlety covered br br use low high shot give two great view cristy look br br daniel day lewis performance incredible never seen actor ever really amazing br br great watch flow well probably closest thing yo get real life experience love br br seen see doubt something,1
loved really gruesome disgusting thought tearing human flesh thoroughly provacative way depicting human crucifix jesus christ really interesting tearing limb jaw awesome brutally gruesome watch weak heart able stand,1
ok brought cheese love run became phenomenon anorexic twin became popular bob saget started making paycheck instead really funny stand people knew dave coulier life good simple one great american classic humorous always brought home good lesson differ norm liked last season like home improvement child get older lot script dare say could gone much later anyway gave wholesome funny story line bob saget,1
indeed amazing adaption missed first episode unfortunately missed bonding character smooth flow storyline soon watched second third instalment blown away ordered dvd less week later unable wait come went straight brought book moment opened hooked put decided finish whole book dare watch dvd preferred book got inside character mind could understand totally coming role within story missed lot adaption disappointing book master piece think could done superbly able stretch longer period time considering able fitted hour slot think done excellent followed main twisted storyline brilliantly actor enrolled main character amazing love making scene pure beautiful tender loving showed natural homosexual love totally blown away book tv adaption loved sarah water previous novel also found tipping velvet adaption quite enjoyable read watched fingersmith knew none previous novel adaption could beat sarah water indeed exceeded time recommend watch adaption tipping velvet thing let put one fingersmith whole new ball game beautiful yet dark twisted story love greed betrayal br br must see,1
honestly fail understand people love show much friend mine watch since like sci fi tried watch along since plot show sounded promising truth really boring show thing keep awake show video game like cgi effect complete overuse muppets note call muppets actually really look like muppets like alien br br speaking muppets make effect horribly overused show guy could best described alien dwarf hybrid pale girl look like cheesy vamp girl got floating potty mouth frog alien feel unnecessary furthermore even point feel distracted whole storyline lost astronaut br br every episode also much stand alone creator show directed way every episode almost feel like whole show least point see main character muppets whole plot main character getting back earth way much pushed background point acting also quite bad br br conclusion want good sci fi look somewhere else even real sci fi begin opinion since show aimed fantasy element puppetry weird dream going want see muppets suggest watch muppet show feel glad abomination show come end br br way anyone dejavu concept living spaceship ohyeah thats right doctor started concept almost year ago show like collection sci fi leftover script event abandoned good reason picked horrible show,0
rented film netflix oscar see really good br br hurt locker realistic portrayal part group soldier rotation iraq film center around james reckless soldier get adrenaline fix taking risk defusing bomb br br film seems lack opinion plot direction movie film clear plot unlike film black hawk film try focus character different attitude war bigelow okay job focusing character many point film dialogue seems drag hurt locker minute long yet feel like hour movie br br one scene movie particularly awful ruined film perfect credibility sniping scene halfway movie unrealistic long br br overall thought film okay reason gave instead major letdown winning best picture oscar felt like film could much better considering saving private ryan lost best picture much better film another notable mention black hawk oscar honestly know best picture br br looking action packed war flick rent black hawk film forgotten year two,0
got done watching edge love way one worst title far year felt like chore watching keira knightly unlikable skeleton looking character made cringe even throughout coarse film br br took four night watch boring good thing cillian murphy always good believable severely looked many film however good enough br br apart unlikable character boring storyline plot also emotionally unsatisfying felt like spent time watching nothing done smart thing turned kept respect cillian murphy great cinematography,0
movie fascinating look creole culture society african american aware two child product paternal grandmother whose father member gen de couleur libre black skin woman whose parent ex slave married outside culture cut family except one sister took pity brother plight raising child great depression providing family food whenever could course clandestinely aided family fearing ex communication daughter fascinated movie made part library,1
´s well balanced mini series historical fact good plot four delivery follow north american family member see also follow story several character black reverend extremist student leader soldier vietnam filmography extraordinary first chapter see shot vietnam war scene next chapter start last one finished start time giving u little mystery happened general ´s mini series must see hippy fanatic everyone little curiosity topic,1
nothing director juvenile fantasy come life movie nothing excuse director actor play kissy face attractive young woman would otherwise never give time day br br plot simple direction nonexistent movie drag actor director writer narrator narrates fooled x rating nudity minimal gore,0
think talking parrot cup tea huh well think paulie wonderful film filled touching moment character lovable especially paulie enters life many people journey journey worth experiencing miss available home video,1
think time seagal go quietly night seen make direct video release last year look like early smash hit comparison br br secret bio lab making new kind drug jack human adrenaline system point become psychopathic killer something somehow seagal supposed stop infection end world something seagal also went hit squad like jellybeans every time look commanding new face kinda got hard follow character development well know steven athsma prevent yelling top lung even constantly dubbed people sound nothing like usually film plot action sequence save total waste time even close like said horror movie lot blood shank stabbing rather straight fighting problem really scary seagal looked completely place infected people supposed speed light movement yet year old lb seagal killed singlehandedly guess lone highlight movie first minute new recruit ask seagal come strip club br br,0
ridiculous comedy given arm flailing direction love one comment made today well neither could philadelphia story without car chase two nonetheless mean picture worse wear old fashioned think susan slept good generation fester peacefully memory debbie reynolds buff sparkle story screenwriter latch onto much younger girl script research dick powell make farewell screen appearance must embarrassment reynolds pallid produced one harriet parson give famous mother louella number inane plug,0
day ridley scott one top director producer command huge sum helm movie especially since film like alien gladiator blade runner credit partial list credit obvious amazing talent however watch early effort made film school probably hard time telling destined greatness although nice camera work style film hopelessly dull uninvolving however considering meant general release training ground disposed looking charitably hence score br br way film part cinema european short dvd dvd short great though contains man without head copy shop rabbit wasp amazing dvd lover short film well worth buying,0
review expressing similar view still feel impelled add comment film generally well made technical point view apart possibly long acting mostly good although kevin spacey given much space explain character motivation apparently ambition rather racism sandra bullock function seems eye candy admittedly manages well br br fundamental level film heart right place opposed racism get impression tried set kind definitive treatment racism perhaps many famous name agreed however seems writer bit far could chew read book know much grisham biggest problem many others said end advocating vigilante justice aside fact agree position think view actually help anti racist cause likely applied acquit white defendant kill black victim end prosecutor invite jury audience imagine raped girl white follow imagine defendant white man murdered black rapist end message seems ok kill someone long hate enough also convenient man killed presented totally evil guilt doubt remove moral ambiguity likely real case br br samuel l jackson give excellent performance unfortunately also undermines plot come across someone considerable integrity hard believe would willing hide behind insanity plea indeed push come shove presumably supposed think face death penalty fact one point offered plea manslaughter although blink might miss take given must know chance acquittal slim want make stand court plead insanity br br less serious flaw medical expert whose testimony case supposedly rest joke discredited highly implausible reason neither offer real psychiatric diagnosis message seems expert witness say whatever asked say believed fact injured policeman support jackson moderately plausible still bit convenient died find hard believe kkk would march street broad daylight apparently serious crime riot arson kidnapping attempted murder go without visible attempt detect prosecute scene dog come bounding back ludicrous br br final reaction left feeling rather dirty though must racist disagree resolution may film intended explore different viewpoint leave audience decide seem forgotten time got end film make think view read people thought add opinion level maybe succeeded worry may inforced highly illiberal view people hope opposite intended br br final thought try watching law order cover issue like much depth minute screen time,0
movie incredible would recommend anyone much better already anticipated definitely heart wrenching spectacular movie amazing story amazing actor creator definitely another great movie denzel washington surprise anyone derek luke wonderful job well,1
show great episode one terrible episode hard follow man death house dig cat real gone br br episode couple married peggy ammanda plummer charles stephen shellen first five minute find charles married peggy money two go honeymoon car break dirt road seek refuge old abandon mansion charles soon find secret peggy family br br opinion watch episode expect feeling rest episode first season,0
may academy award admittedly pretty cheesy much fun nothing make smile like bill ted lovable optimistic hilarious bill ted great way unwind br br although love excellent adventure bogus journey funnier death flippin hilarious bill ted even endearing people give grief loving movie really pretentious movie watcher say even bit entertaining like probably also fan wayne world dude car dumb dumber admit though foolish make grin turn tickle box watch kick giggle,1
shame movie rated pg really quite suitable anyone though young kid might follow well br br belongs wonderful genre serio comic ghost angel story would include everything capra wonderful life wenders wing desire br br photography stunning acting first rate wonder wonder tone uplifting br br criticism much ambiguity film two interwoven story seem intriguingly mysterious first resolve little nicely taste director point commentary dvd ingredient irwin story bedside table symbolism trifle pat br br lark favorite scene relocation team try get breakfast diner practically theatrical magic tour de force witty acting subtle playful positively rhythmic coupled striking cinematography acute eye grotesque br br northfork funny touching gorgeous look magical reservation one single car chase br br easy nine star,1
see c thomas howell appeared many movie since heyday accomplished young actor br br bought dvd cheap part internet related plot see much older c thomas howell recall seeing movie since br br word big disappointment give low budget movie chance one started lame within first minute movie elusive woman chatting asian guy chatroom basically stimulate chat insists meeting participant person meet sex tie murder cold blood plot deteriorates br br plot thin flimsy acting stiff bother renting much less purchasing even dvd bin plan take copy dvd goodwill truly amazed prior reviewer gave movie bad rating,0
say movie terrible good two day earlier watched lillie one best gay film ever seen best time watch mediocre gay flick br br story silly acting ok bad enough turn bad moment terrible stereotyping well cast either br br would recommend movie would wasting time money understand movie like made funding spend time watching noah arc logo instead think movie trying go never got,0
calling sciples grab friend hit theater see hell movie opening sequence credit laughing self breathless br br movie wild ride history bull crap list thing done chronicling rise power huge fan rage kage kyle gas jables jack black naturally loved movie br br help know show first cd funny hilarious vulgar lyric rocking rhythm massive amount pot smoking cameo outright insanity story line movie sciples newbie alike br br many song referenced two king tribute kielbasa many audio track like cock push ups every fan audience saying remember well new comer saying f ing hilarious highly recommend movie body ever rocked movie certainly high competition next spinal tap one best ever,1
film kid parent split tadashi move mom live grandfather tadashi sister stay dad talk frequently phone grandfather every third day mom never really home kid always picking poor kid village festival tadashi chosen kirin rider spiritual champion peace justice little suspect soon actually step role hero force darkness join rage thing discarded plot destroy mankind spiritual world br br okay easy part come hard part trying explain film br br great kid film great film flawed flawed great film none less unfolds like great book loved kid dense time tadashi struggle find strength become hero watching felt reading great book thought huge would book loved film follow normal path thing often happen happenstance miscommunication one character get sucked event simply foot fall asleep twist turn moment seem like non sequiters charming typical miike certainly takashi miike film japanese master film clearly charge film often touching scary funny time one except miike seems understand many emotion time suddenly twist thing get dark one second funny next admire fact miike made film bleak hopeful shy away scary mean really scary especially kid dark territory harry potter movie rarely dark grimm tale humor first reaction upon seeing opening image believe anyone would begin kid film picture end world realized making movie hat miike making movie know kid handle frightening image br br also operating one level mechanical monster bad guy make forged mankind discarded junk rage thrown away fuel monster one yokai spirit talk rage sneaker thrown away dirty small feel tossed also one good guy refusing join bad guy would human thing wild concept like thing floating around lift movie another level good many riff reference movie tv show novel make wonder film since kid may understand though many parent course monster run gamut cheesy spectacular stop everywhere frankly forgive unevenness creation simply hundred thousand monster screen way cool work one main character yokai think best described hamster tunic often played stuffed animal look dumb yet cheering little bugger loving every moment ride tadashi head acceptance also easier ever seen old woodcut weird japanese monster mentioned flaw effect uneven sudden turn bit odd even understandable minor thing fading two hour watching film none truly hurt film however kind keep completely happy movie br br really loved movie pretty sure saw kid would favorite film time english dub see movie great trip besides good introduction film miike minus blood graphic sex,1
teen agers go old deserted farm house left one dead grandfather unaware several murder decade earlier grandfather made pact devil good harvest guy thought something better sell soul man grandson friend set next sacrifice reason never explained stereotypical teenage son girlfriend black guy white girlfriend two lesbian battle three killer scarecrow tricked like nearly fun sound mostly lot chit chat ball kicking dope smoking lead actor complaining never knowing parent camera work atrocious shaky maybe done hand held camcorder scene maybe good thing since scarecrow look like came kid birthday party apparently could hire two people play three scarecrow best movie seen low budget independent horror movie one pathetic cast crew seems made bunch people knew never acted intention acting thousand dollar believe movie cost make weekend free time hand even lesbian skinny dipping scene lame br br think amusing also writing sequel film one even bothered adding imdb br br rate highly skinny dipping scene matter lame may,0
man white suit like right jack take dim view labor capital alec guinness scientific genius eccentric one never gotten university degree due err accident college laboratory manages push various industrial lab textile industry film begin michael gough company gough memorable moment trying impress would father law cecil parker showing ship shape firm run lunch parker parker daughter joan greenwood gough get message regarding problem lab unexpectedly large budget problem read huge expenditure due guinness experiment choke coffee br br guinness go work parker firm repeat trick gough parker discovers greenwood discovered guinness working convinces parker continue experiment legally result guinness assistant apparently figured make artificial fiber constantly change electronic bond within molecular structure intent purpose fiber remain tact good textile made never fade get dirty wear last forever br br guinness support female shop steward chief see guinness selling rich explains done turn everyone clothes last forever need new clothes soon parker fellow textile tycoon led gough ernest theisinger wonderful performance howard marion crawford equally panic stricken may end business seek suppress invention greenwood corner although parker sort sympathizes guinness try get news discovery public br br end guinness defeated science well greed end film seeing error calculation guess one day may still pull discovery br br brilliant comedy argument suppression valid one point difficulty making textile shown heat thread high temperature actually enable end material united nothing show cloth stretch owner get fat contract owner get thin believe people would want one set clothing ever happened fashion change new style cloth made color white making guinness look like white knight told color dye would added earlier process effect chemical reaction maintain structure textile br br ala science paper film hypocrisy labor capital modern industry brilliant question mention keep bothering validity suppressing guinness invention,1
movie actually fairly good story get bogged several key place almost director threw movie together without taking time make essential cut film dennis quaid fairly decent job role something clearly missing several key scene br br hour movie could reduced hour movie probably would much better film feel thrown together br br,1
movie one worst ever seen including anything pauly shore believe film could actually bad br br coolio single worst actor including pauly shore ever star movie temptation hit stop button movie huge fact throw trash button vcr would inclined press br br favor something interesting watch movie like watching grass grow watching golf tv,0
rarely make comment felt compelled spare others pain endured watching movie stupid implausible overall story detail simply suspend disbelief problem start early see government researcher tooling around new porsche dining team restaraunt look like castle overlooking capitol building washington c kind life government salary hah get worse toward end bad guy start killing good guy latter group act stupidly want die order cleanse gene pool special effect pretty good producer money buy lead actor great film screenplay direction moronic many people wondered whether deliberate intelligence behind paul verhoeven previous facially stupid movie showgirl starship trooper movie stop wondering plain bad,0
clearly rating suggest compare classy horror like argento low budget drive fare department truly classic lack money show anyone care much acting adequate rather professional make realistic unlike many movie low budget one drag moment crap may non stop crap face crap although inevitably bit campy time must see anyone idea talking time quite delirious crazy little film filled crazy character clearly made fun fun indeed watch,1
catchy title like butcher plainfield ed gein variation kane hodder playing doubt fly shelf couple week viewer bored silly latest take life ed gien br br movie focus ed rampage give u glimpse psycosis dwelling plainfeild scene give movie much needed jolt br br ruin constant focus character life focus less ed big mistake br br kane hodder strange choice play gein pull quite well deserves acting credit get day prascilla barnes micahel barryman also show br br,0
believe slanted jingoistic material getting passed american art house material early telling line like want make sure playing right team manipulative framing lighting love divided show true face crass manner irish catholic shown hegemonic protestant peaceful downtrodden poor representation history early u western depict struggle cowboy american indian truth story distorted stereotype outright vilification irish catholic story corruption admitted filmmaker sad people today still think win moral sway making film easily recognized obvious intent far attempting art film business anywhere legitimate cinema library,0
reading many review know movie people watching clearly one saw br br movie horrible acting primarily moore terrible woman cannot act nice tit act point come across actual character instead spoiled hollywood actress go beach play make believe boy br br movie ultimately hollywood make believe training sequence top politics top political correctness top combat scene guessed top mission get get without detected shoot many round make much noise possible course oh g jane wing man anytime br br premise good soon hollywood get hold end top gun tit br br expected commercial u film anymore much guess,0
nice see bruce willis come action throne let u see really talented actor shine film near year old image consultant totally lost touch inner child meet face face one rare film talk audience truly offer something whole family caring keeping child inside realizing grow exactly way thought would willis seems building impressive track record working kid witness sixth sense haley joel osment great chemistry spencer breslin nice photography music ending wonderful uplifting great film see every member family,1
really much say movie crude fun br br plot outline imdb br br br br two loser milwaukee coop remer parker stone invent new game playing basketball using baseball rule game becomes huge success along billionaire help form professional baseketball league everyone get pay team change city coop remer team milwaukee beer team standing way major rule change owner dallas felon vaughn want institute br br br br acting pretty good since arn many big star movie although big fan southpark parker stone pretty good job first real movie br br many funny moment movie come close naming never really let try put cruddy drama make serious br br favorite aspect movie soundtrack great especially like take beer reel big fish underrated br br overall crude extremely funny movie br br james black wolf johnston,1
word fail br br common br br done properly could great funny spoof b movie sci fi sadly rarely field drama many competent actor struggled vainly dog breakfast script endorse previous reviewer comment go clean bathroom fact anything except watch film br br positive lucy beeman nose negative everything else br br apposite line going anywhere br br every plastic surgeon could meet fate,0
sorry jacqueline hyde get jack l hyde jekyll hyde worst acting side hardcore porn mention script apparently written first grader undiagnosed learning disability br br jackie hyde inherits old mansion grandfather never knew guess yes inventor special formula slowly take one body mind yes mr hyde br br despite nice skin scene film fails register feeling emotion uncontrollable laughter br br much poor jackie try stay away granddaddy special formula result hour half wasted time,0
ok begin movie changed life plot seamless james cahill done initially first viewing disappointed seen silver screen however exploring dvd many feature oh god jakes cahill commentary film almost flawless acting told industry secret used film get experience br br impressed actor scene security guard talking girl hallway reminded favorite blue pornographic movie certainly gangsta express disappointment sequel br br still blown away viewing martial art skill involved matched sign indicating location library school possibly guy playing retard timeless classic best film come europe year oscar dawn,1
love war simple feel good tv film viewed br br possible spoiler br br story wwii british soldier newby captured commando italian imprisoned former orphanage italian surrender ally commando freed attempt flee however german arrive commando captured newby injured remains large rest film recount hidden protected partisan survival br br end spoiler br br based true story love war refreshingly straightforward film half comedy half romance story simple unambiguous atmosfera warm sunny various stereotype desperately unorganized romantic italian serious stern looking german phlegmatic pragmatic british although unoriginal still humorous nicola piovani musical score also add mediterranean flavour br br although far tea mussolini la vita e bella love war sweet simple film put smile maybe even little tan face,1
sure point making film looked made historical society shown local pistol pete museum first appears could beginning mad tv snl sketch joke punchline realize someone taking seriously story bad inclusion sas member seemed ploy worked get see film swear trailer listed every character film dead cowboy reason western fun atmosphere character brings feeling watching civil war rean actor dressed cowboy even worth digital video recorded,0
master piece take cold war conflict transport future film satire highest order humble opinion outranks dr strangelove br br clever naming two superpower confederation market con commie market west outstanding clever use gen joxs ahead time really seeing danger genetic engineering robot joxs tackled issue head br br message film comradeship humble man overcome wish government movie scream fool kill u br br excellent,1
saw world preem fido toronto international film festival thoroughly enjoyed welcome reworking genre widely thought pioneered certainly fleshed extensively successfully george romero canadian film canadian director comedy yes actually think better shawn dead thoroughly believable perhaps even importantly enjoyable performance dylan baker carrie anne moss young actor k sun ray suspect seeing lot future feature however must confess enjoyed delicious turn tim blake nelson neighbour mr theopolis essentially playing willing animated version victor van dort corpse bride seen film read even better corpse pride course scotch actor billy connolly least animated yet somehow deeply moving role titular character think would gotten role peter stormare commitment prison break revealed q following thursday night screening help speculate screenwriter must drawn lot inspiration day dead zombie bub keen ever revealing plot detail comment start suffice say fido one dour graphically gory zombie film rely romero rather film constantly chuckling although think back carefully sure fair dose blood letting violence delectable humour well enhanced surreal milieu created director currie co screenwriter go long way towards making seem like feature ought rated pg urge go see little canuck gem certainly buying dvd emerges hopefully next summer,1
really say glad knitting sock watching movie would angry wasted hour life acting terrible plot even worse scene meant serious husband laughing loud highly recommend movie people like version mstk,0
start guy indian pot cleaning suddenly skeletor attack hit woman neck axe fall get apparently uninjured run wood turn basement shopping center wood meet utility worker skeletor attack luckily like good utility worker got gun shoot guy work everything start fire br br cut people walking wood even though hiking together time sit introduce probably done first met anyhow undercover delta team member undercover suppose way pay dress uniform cute girl various thing sniper school instructor oh remember rest matter eventually take gun immediately start aiming various thing anyhow meet old indian sitting wood want bean know like pork bean mumble stuff assume premise movie relied heard premise commercial really understand anything say br br walk around wood dialogue load quasi military macho b mean every single word like reminds kabul reminds lao skeletor attack let give rundown basic attack one female character crouched behind tree aim gun approaching guy horse reason fire yell several time someone else skeletor approach jump behind tree skeletor stick spear everybody start shooting bullet cause spark fly tree apparently folk made movie never shot tree bullet make spark br br casper van diem sudden driving semi truck trying run skeletor miss truck slide stop van diem injured apparently slid across seat bumped hip window crank something crawl truck explodes later wood dying everybody say bunch quasi military macho b meet couple guy wood blow undercover status immediately identifying army beat guy reason go away br br stuff happens people mumble camera shake etc br br think come end eventually br br theory sci fi channel getting little annoyed everyone bashing movie put remind u bad movie really like think movie bad well seen bad bad okay got way rest movie pretty good comparison right br br well theory,0
year old virgin made laugh lot care considered sexual comedy enjoyed many joke scene present movie steve carell perfect virgin nerd andy stitzer think scene andy chest hair removed wax one coolest specially real many actor actress present movie well known already famous way br br andy stitzer peaceful life little bit strange collect lot toy seems harmless one day playing poker friend work discover andy fact virgin already year old surprising revelation friend trying make andy sleep woman problem confusion andy get specially really starting like trish woman met buying dvd player store work,1
episode really hoping mention canceled everything connected show including actor dumped along toxic waste middle ocean somewhere never seen series really dire br br program listed genre comedy best misleading hard believe ben elton could write something bad maybe point lot input writer everything connected episode even laughed br br oh believe ardal hanlon actually stopped hero started instead decision making skill obviously impaired day perhaps simply read realise poor script blessed get wrong hero masterpiece million time better piece junk br br annoy even bet get dvd release well many great tv series getting released,0
worst movie seen year watch lot cable plot ridiculous scene thrown action start ending scene random idiot make scream plane special effect spielberg would laugh as horrible yellow eye contact lens cute though admin bear watch end scene great scientist bennett holding dear life engine body much sorry bad english romania first post sign make comment movie believe movie released,0
second beginning title explains show u beginning end human race set long matrix existed short anime written wachowski show u world could lay infront u distant future set turn st century second renaissance delf issue common human behaviour greed power control vanity etc br br use robot artificial intellegence slave servents common among science fiction fantasy story second renaissance exeption concept however instead simple man v machine layout story explains struggle machine put struggle acceptance world ruled human matrix film show u human perspective short animation tell side story br br second renaissance part answer many question brought original matrix film war broke sky blackend led use human battery also introduces u machine city called may relevance upcoming matrix revolution film br br give away much story want ruin experience perspective viewer however recommend anybody interested world matrix simply anybody interested japanese animation anime br br,1
saw film true movie automatically made sceptical actually good amazing plot twist breathtaking dialogue little actually despite people say thought film accurate depiction teenager dealing pregnancy br br dawson creek graceful cool witty character breeze sexuality effortless knowledge kid act like kid would br br blunt awkward annoyingly confused everything yes could accident could bad actor think dermot mulroney give trying cool believable performance loved patricia arquette whiny annoying pregnant teenager combination two exactly lavender pillow plot predictable believed stress inability cope brave yet slightly misguided attempt bring closer together think character acted anyone else would indeed annoying unbelievable reflects surreality situation sitting class walk campus baby felt angry felt angry child blaming felt br br end loved would recommend br br watch scene dermot mulroney run disastrous counselling session career performance,1
year old daughter asked watch movie cable tv someone saw revenge nerd movie theater found movie extremely predictable remake nerd simply replaced dork drove crazy able predict precisely would happen scene cast cute especially amanda bynes br br screenwriter chad creasey ashamed writing obvious remake early flick title simply revenge dork perhaps sequel revenge dork,0
well know begin obviously made tv movie expectation low pleasantly surprised overall direction second hour anything seemed paint number sort movie br br talk bad chemistry tow lovebird detective br br would go depth movie really deserve grade imdb rating,0
hilarious insightful perspective dating world portrayed beat comedy first time writer director peter cohen story unfolds four male protagonist meet weekly local diner confer dating woe meet brad good looking wall street playboy quick wit sharp tongue zeek cynical sensitive writer jonathan sexually perplexed nice guy affinity hand cream masturbation eric married guy cherishes weekly encounter single friend hope enlightenment boring banal married existence trial tribulation men single life new york amusingly expressed mirroring sex city hbo new comedy mind married man bring astute light scamming story take twist three singleton meet mia wittily played amanda peet fall seduces uncanny ability conform personality exhibit come realize met fallen love woman chose friendship whipped realistic portrayal dating world one critic failed recognize plain language missed point protagonist caricature real people exaggeration hysterical mixing satire humility taken seriously critic disparagement suggests see movie laugh start finish,1
james franco totally cool movie handsome charismatic genuinely open vulnerable sincere kind way tristan screening folk back pouty sullen whole james dean thing think true blind spot proof positive tremendous talent film carry different sort weight entirely unique performance bittersweet really moving line journal cut like knife sense sharp intelligence observation behind word tone everything carry action suspense well grim bit gallows humor like two actor great deal blonde girl totally gorgeous man hysterical twisted tough guy stoicism thug seemed little sketchy mini point really film totally solid franco way cool around,1
early creature feature concern long abandoned gold mine intrepid miner determined check naturally find gold one hungry monster slithers along search prey br br honest admit found dull first personally prefer thematically similar boogens actually grew went along character interesting actor either closest interesting character morgan played keith hurt event female lead terri berland quite good looking rolf theison make domineering jerk easy person hate writer played effect man mark sawicki wear thin quickly br br begin comfortably predictable enough way nighttime set piece two victim claimed get thing acceptable start monster intriguing design imagine get revealed bit time late game product stop motion animation process longer used much director melanie anne phillips directing pseudonym david michael hillman crew deserve credit creation atmosphere manage make film look quite claustrophobic gloomy use lighting work well film build intensity towards pretty good ending suffice say best low budget br br obscure little item worth looking die hard horror buff br br,1
really really love show always liked show space ghost show hilarious believe cartoon network adult swim would take funny show like air hope put show dvd something show brak space ghost cartoon sgcc cartoon planet life every day life mom dad best friend like drop lot zorak favorite episode one zorak get really good singing voice voice give money zorak made singing another episode like one brak zorak finish homework go back sunday friday goof go back day homework invented go back present homework exist another episode like one brak dad next door neighbor thundercleese robot keep getting agrument get eaten giant worm another episode liked one zorak make bully stand new guy took stand also like lot episode one thing never fails make laugh zorak getting beaten blasted zapped,1
whilst loved haunted house movie amityville poltergeist made tv adaption susan hill book pack huge punch horror hollywood br br brilliant cast many star heartbeat tv drama great acting fantastic setting portrays life convincingly right ingredient entice viewer powerful ghost story br br herbert wise need blood violence gore send chill spine audience using imagination woman black figure fear dread whose presence never absent first appears br br main character arthur kidd solicitor learns unseen spectre mission settle estate widow dy arthur spends night inside dreary home notice many oddity may haunt day scene unsettling claustrophobic particularly locked room open turn generator close arthur darkness film becomes harrowing put arthur shoe effort shake ghost writer put many chilling addition story example tin soldier appearance one eager learn meaning fact never really learn much widow leaf imagination make unsettling br br widow part look vicious intimidating scene winding generator sent chill woman appears nowhere isolated marshy land howling wind  property appreciate isolating scene inn perhaps horrible thing seen one wish watch hurry show elderly relative often woken night thinking behind sleep br br woman black great tv movie lost gem agree extent internet hype film totally overblown see people disappointed spending best £ think net defeated hidden gem make film like exposed think still brilliant fantastically acted consider greatest ghost story last century,1
corned beef cabbage br br little romantic comedy clip along scene scene exotic twist imaginary scene costume party centered around wife husband looking break doldrums played gloria swanson twenty leading men natural air convincing course swanson perfect kind mood frivolous worried hopeful br br behind game apparent lightheartedness old serious problem staying love straying love little corniness director demille top keeping snappy believable many film period subtitle tell saying thinking often give kind philosophical insight justify tragedy raciness higher purpose probably better without instructional text part narrative style kind quaint br br looking visual formal amazement find story well acted filmed precision economy really great example event might come total surprise modern love story set almost hundred year ago gas saw swanson perfect,1
listen people ill give better review movie friend love jill johnson played camilla belle babysits mendrakis house someone break wondering got house went garage likely anyway listen worst acting amazing acting great story think benefit jill shes fast runner track team got alive lol br br cool movie quite scary check happy masterpiece listen people site good trust good reviewing movie future movie critic totally want buy movie see amazingly awesome,1
sweet sixteen minute director jim sotos cast bo hopkins susan strasberg aleisa shirley patrick macnee dana kimmell br br fifteen year old bad girl melissa new desert town long folk around start dying detective put together clue help nancy drew good girl daughter played friday th alumnus dana kimmell local native american prime suspect since seem upset prejudiced townsfolk event lead revealing killer melissa sixteenth birthday party br br average slasher memorable made tv feel without much score besides title character corny theme song play couple time throughout line like killer turn u coleslaw fit standard eighty slasher screenplay marci call melissa bad name somehow immediately develop friendship apparently marci see hard fit melissa know wear make movie would hard pressed made today main character fifteen director inserting multiple gratuitous close ups social commentary indian developed enough taken seriously surprised fairly high rating movie get sweet sixteen ed hunt bloody birthday potential capitalize time honored tradition birthday party create intense sequence carnage feel failed deliver bright side releasing obscure movie like dvd give hope others follow,0
frank probably best version book sound movie version jazz singer version really silent movie despite build first talkie br br danny thomas great comedian sings well jewish stuff feeling peggy lee great film always entertaining allan joslyn entertaining could done without one question since cantor live luxurious house,1
getting lost space frozen year unlikely falling star improbable falling day go supernova explodes ludicrous getting rescued ship priceless br br zaphod beeblebrox heart gold rescue also parent year awardees sentencing daughter two year solitary confinement abandoned spaceship mother encourages get drunk wander alone strange man picked foreshadows prowess hand hand combat make film action combat highlight include example psycho talking close face face one woman blindly pointing gun behind six inch away obligingly simper line fire br br end family three abandon metropolis sized ship planning use observe supernova last instant slow escape blast wave instead using psycho fighter ship refueled one minute pound gas propellant kiloton missile love hard sci fi statistic br br long hollywood treat writing irrelevant frill continue making movie fit run sci fi channel,0
might consider spoiler rather cautious careless never saw movie little fell love first time saw three year old daughter watch br br little acting ilene wood lifetime wonderful voice cinderella appealing believable music really fit movie perfectly acting great loved mouse really hated lady tremain step sister awful cartoonist depicted spoiled behavior well br br wonderful movie especially love story daughter seen movie time still get excited end,1
first time saw date thought awesome movie br br second time saw last night tv still suck br br love story suck julia portray street hooker repulsive librarian miniskirt heel tough shell tortured anguished enraged starving anything else hooker character flawed like comparing cubic zircon diamond two simply fit matter look like br br cast felt worth watching bitchy saleswoman excellently cast fine job hated second screen real definition minor role ok movie entirely trash two ignorant saleswoman saved film br br aside two woman sale people rest cast including big name crap either everybody as kisser absolutely reason fill dialog movie aside complimenting julia robert kissing as richard gere br br movie walk around high heel tight skirt beverly hill people leer guy work hotel gawk baseball bat struck face br br reality woman dressed nine beverly hill hooker prostitute higher degree since wearing gaudy madonna looking jewelry patent boot look others br br hotel cast sickeningly sad watch anybody real character less minute screen time br br insult romantic movie comedy drama even prostitute face wealthy customer daily basis hope life work perfect br br story julia robert pimped yes pimped multimillionaire business suit limousine br br still owned still told act move wear say go controlling street pimp folk disney buena vista butter make easier swallow br br richard gere black man gold tooth ak side instead attaché case movie would woman struggle get away harshness prostitution story different character make different outlook br br oh yeah change white man black man asian spanish land business deal changed deal weapon narcotic entire concept romantic comedy thrown away br br far concerned pretty woman still trash dressed ribbon bow br br like year ago understand led hollywood hype hate see past pretty decoration called love br br movie romantic comedy story control woman long mean income br br insult strong woman weak woman woman general well television screen br br hate yes suck yes would recommend well maybe really hated br br review get posted see br br anywayz,0
thought movie pretty good part corny understandable since made year ago thought best performance movie given michele morgan played millie convincingly jack haley also really good mike brien even though big frank sinatra fan think good movie craving silly top musical comedy higher higher movie br br,1
one people walk movie based source material automatically say book better know better demote value movie faithful adaptation lengthy process lot decision go making movie sometimes director editor cinematographer producer control certainly original author control therefore unreasonable expect movie exactly word word book play video game disneyland ride whatever movie judged standard fit society moreover successful movie made material relevant society belongs based source material relevance need reexamined enhanced filmmaker br br film like blood follow paradigm based novel written turn century oil feel relevant thing like iraq war energy concern film country origin u experiencing even king kong based original film benefit using new technology concern animal right people br br said understand even bothered make movie besides great performance guaranteed oscar nod shanley director writer fee royalty get movie seems come nowhere simply stayed play movie essentially play say nothing new reprehensible sexual atrocity committed many case covered catholic church abroad say nothing new different original play help compare movie another movie came around time frost nixon also based play frost nixon nixon regret seems relevant seems come time president bush leave office regret nixon depicted play movie war presidency could easily reflected bush presidency respect frost nixon seemed relevant actually benefited wider distribution via film got people talking reflecting political status quo country time contrast doubt felt like yesterday news seem offer anything play offer br br course movie good performance outstanding screenplay adaptation apt stay play besides marketing financial reason make movie gave audience nothing new discus awful subject,0
one worst film seen year storyline potential never realized actor poor choice considering screen writing talent wasted really wanted everyone dead quickly possible could get watch something else unfortunately stay end laugh murmur people moaning crappy booing england gentle moan crap look imdb see people given really cannot see people able give score must pr company working distributor hilarious set problem towards end film graveyard hick attack look dodgy scenery rock touched supposed brick wall blood effect waaaay ott film feel like everyone making spoof horror except director,0
may longest attention span second movie refused see way even bought dvd classic status br br first thought director playing big joke kept waiting resolution something laugh something keep interest resolution never came rather writing laughably amateurish movie dragged felt disjointed like someone cut tv series feature length academy must drug nominated movie less eight oscar br br repeat second movie refused watch way first exterminator hope give indication bad really,0
fortunate enough see last stop live moving picture film festival know moving picture film festival tour canadian made film canada told movie started world premiere verge getting american distribution deal added excitement br br big horror movie fan yes love scream trilogy well found rose mcgowan ten little indian type movie knew treat rose mcgowan biggest name actor actress entire festival br br best way describe without giving away much plot quite like scream certainly worth seeing set middle snowstorm filmed vancouver b c canada mountaintop motel add suspense rose mcgowan put great performance girl next door along rest cast happens end well thing say never guess ending br br sadly probably make mainstream north american theatre decent money maker rose mcgowan get chance see would recommend worse come worst always video br br gave,1
watching half movie noticed something peculiar found constantly switching tv channel see else exactly good movie trait br br movie listed number genre must say mostly failed misserably every one movie switched watch old rerun instead bottom line whole movie felt one making exactly know make ended concoction discernable taste,0
way put word bad shapeless paceless laughless vice academy film really experience one third time row writer director rick sloane show even ounce writing directing talent nothing person age believe laugh yet brief nudity plot element make film unsuitable kid lead believe really aimed adult mental capability year old elizabeth kaitan make welcome replacement linnea quigley winningly bubbly cute wonderful big smile thing make viewer smile well watching girl film like watching bunch flower desert covered horse manure,0
blonde blonder pamela anderson denise richards almost every scene want movie utterly unreasonable feel like late era carry series longer blazing trail still funny think behind england far mark pamela denise bubbly charming clearly aware masterpiece making although give lot thing told like supporting cast energetic even particularly good see couple duff turn movie already practically forgotten making much difference anything smile really think blonde blonder ace hope hate,1
cheesy b crime thriller early story droll character wooden allison hayes abbe lane two sexpot make eye catcher one short shot frame long show el train crossing river state street bridge series pullman built car painted original paint scheme delivered new traction fan like one short take make picture worthwhile think film like one ulmer detour edmund brien fugitive harrison ford others film noir genre big city crime drama make interesting nothing fact know chicago san francisco intimately recognize street location wise really droll boring film,0
dear god kept waiting movie get started waited redeem neither sat dumbfounded could possibly bad wasted couple hour sheer stupidity faith drew possibly made bad movie boy ever lose faith bother one drew tried movie poorly written poorly acted poorly conceived believe script bad ever got funded million chance actually something idea word concept big movie even qualify still go anyplace pitiful reviewer got idea worst baffle believe got worse slit wrist finishing,0
normally spike lee fan take time really get mojo see clear message ability tell story close heart lee genius unlike th hour bamboozled two favorite film clear story film able understand struggle washington choice play well influenced others odd reason lee never able get true feeling washington decent job handed could tell lee favorite film lee direct film also wrote could tell camera work horrid writing contributed decay film film coming full circle going pretty lee behind film right thing film seen lee direct brightest modest film almost created hollywood movie instead one know saw money right thing ran film demonstrate true talent br br anyone seen film perhaps stopped watching anything directed spike lee afterwards due film suggest give second chance get wrong see exactly coming film would want put behind lee grow work becomes see transformation desire make money wanting make good film took awhile watch th hour sheer brilliance perhaps actor perhaps story lee crafted amazing film one man journey unknown guess hoping mo better blue would turn really dark journey life man really never grew instead got denzel denzel really one versatile actor generation consider sydney poitier cinema film showcase talent br br another issue film use spike sister playing one love interest know family think could filmed sex scene sister care actor much money getting paid would never something never wish see apparently different spike went ahead showed full nude image sister without remorse sad even made blush also need somebody answer flavor flav introducing film sitting couch ready start film suddenly voice past spelling studio made film acknowledges build strong remaining story felt lee going money film instead actual talent perhaps could afford denzel wesley movie without explosion br br two great scene film made worth watching end get wrong bad movie always diamond every alleyway scene bleek accidentally forgets woman mesmerizing continually went back forth weaving truth confusion way proved lee actually behind camera visionary scene probably lost shuffle due remaining poor scene scene worth watching way lee introduced ended film keeping pacing direction able bring tragic character around full circle give chance change life two moment rest film pure rubbish worth viewing unless go blind br br grade,0
ok wile e coyote road runner cartoon know wec going set sort trap rr always maim various way certainly happens beep beep predictable guess think cartoon show try harm someone else get harmed sort like daffy duck always try undermine bug bunny integrity bug see around br br overall another classic termite terrace crowd sometimes think really wanted ease cold war tension could let soviet union see looney tune cartoon sure would loved another great one br br p learned jeopardy wile e coyote middle name ethelbert,1
though cher cage focal point story gardenia dukakis good counterpart loretta ronny year still love whole cast nice job aiello john mahoney show real slice life though saw long ago glad finally catapulted cage place recognized hollywood talent music scene opera kitchen table argument entertaining movie,1
think charlotte gainsbourg one best performer world understand people say boring maybe one said boring boring great actress movie excellent lot wonderful idea good performer direction great imaging french environment sophistication perfume flower church problem etc go sister shop simply amazing everything great good actress wonderful long time alain chabat bernadette lafont perfect like next movie la science de rêves eric lartigau good work br br ana,1
originally aired abc movie week involves two young innocent female college student railroaded prison camp little southern town allowed phone call nobody know follows rape torture beating humiliation degradation leading disturbing conclusion br br tv version time grim nudity beating pretty tame overall feeling sleaziness wore one unrated version even worse plentiful nudity violence extreme one particularly disgusting sequence see cry female prisoner forced strip lesbian guard us yuck nothing wrong exploitation film one go brink get feeling filmmaker enjoy poor woman tortured degraded shoved face like supposed enjoy needlessly downbeat ending help br br giving acting good actually make movie harder watch sick sleazy film recommended,0
movie waste time money throughout entire hour half continued wait get better never slow moving plot jumped around scary interesting really never amounted anything credit introduction long drawn basically like rest movie long drawn numerous part plot made sense several time movie thought maybe zoned incongruity plot however companion issue assured zone boredom indeed movie actually never posted movie actively looking movie imdb numerous year fact actually taking time write something speak volume bad movie waste time money,0
understand low rating film delight people like strong suspense plot dark atmospherics tone reminiscent midnight garden good evil locale savannah acting strong amazed verisimilitude kenneth branagh southern accent famke jansen great robert duval effective small part embeth davitz bomb great full nude scene br br plot fairly standard effectively executed,1
movie football jesus god kind sappy sanctimonious religious drivel get arch idiot wrestle jesus pump iron jesus yeah jesus totally buffed liked contact sport definitely owned full set dumb bell duhhh movie entitled hiking jesus something along line let general public know real intent movie convert people christianity pander whose brain already thoroughly washed blood lamb title derived bible made clear head coach reading bible asking jesus help recent sport movie invincible time inspiring jesus even factor desire determination individual dream br br broad appeal inspirational sport movie ultimately lost amidst blatant bible thumping sanctimonious religious propaganda one get impression sole message way succeed make positive gain accept jesus personal savior simply true therefore lie perpetuated believe true want everyone else believe image winning athlete thanking jesus win come directly mind loses curse jesus course loses jesus responsible jesus responsible win logic go round round round end exactly true believer need every time hit pause scene coach receiving brand new truck came could stop rolling floor laughing as catch breath materialism jesus taught find odd called christian seem either forget ignore message savior especially see jesus fish back huge gas guzzling suv pass like standing still br br another message movie implies jesus apparently care win loss record mediocre high school football team million starving child world final scene insecure unsure kicker boot yard field goal hyped unbelievably incredible miracle put final gag spoon religious red flag turkey gave three star guy played black coach could actually act,0
read somewhere fairly panning review something live action mecha anime think right line first watched movie young dying see finally recently memory came flooding back think taken seriously bit good old almost tv movie fun set backdrop fairly dark future although point stressed much admired movie dialogue sound generic clichés predictable line good fun maybe time kind little movie still find appreciation mean perfect entertaining try anything let nerd comic store guy worry technicality care see make decision one else opinion matter,1
saw yesterday sao paulo intl film festival going came see rated time pretty nice rate br br minute dying get never felt embarrassed producer movie screening br br like dialog shallow lead nowhere character shallower dialog nothing lead anywhere worst worst plenty siemens organic advertising movie despite fact already paid go movie entertain still bombarded main character chatting internet siemens mobile popping time lap top another character bath cutting hair organic shampoo displayed enormously screen would bearable plot character romance anything good bad really bad know sex city br br waste time money,0
one beautiful moving thought provoking film around good family entertainment time make think hard issue involved every time see ghost zac riding bike puddle end help cry eye john thaw performance touching shame longer u gone forgotten outstanding film full mark,1
falcon snowman superb example anti film many film decade general lacked substance film pure substance nothing stylish fake superfluous boast two superb performance timothy hutton sean penn lifelong friend christopher boyce daulton lee respectively hutton penn tom cruise triumvirate early actor looked headed much bigger better thing starred tap penn cruise popularity soared hutton largely forgotten shame actually hutton first win oscar supporting role ordinary people think performance movie even outstanding br br hutton really capture post vietnam war rebelliousness character chris boyce failed seminary school student chris love hate relationship father well played great character actor pat hingle scene chris quote poem father thought long forgotten particularly powerful one br br chris get job dept defense us hatred u gov foreign policy sell seemingly useless plan old project soviet get buddy daulton hyper drug dealing self server courier project plan microfilm chris based belief daulton strictly money soviet liaison excellently played david suchet penn suchet real quirky chemistry kind funny set exchange make mistake film anything serious character study pessimism malaise paranoia mistrust br br lead make film hutton delivers brilliantly understated performance chris rather smart young man much potential penn usual tremendous characterization daulton pathetic loser act think time think ending fact based film saddening several level truly powerful character study,1
kid remember watching visiting friend uncle phil back dinosaur story silly cartoon dinosaur called rex voiced wonderful john goodman tell little boy dinosaur story dinosaur came back earth live explains part thing brought back along friend doctor professor villain film think might responsible back care kid might like personally cheesy john goodman probably decent thing poor,0
able tell within first second film whether want finish watching film open image plane landing airport one plane another diving mirage filled runway able accurately guess movie story first viewing even easy think opening image repetitive shot plane initial drama acuteness perception built willingness experience film simply series image opening want see movie bored may even mesmerized movie may emotional experience may intellectual experience may judging dvd commentary essential primarily emotional experience herzog one point talk explicitly film collaboration filmmaker viewer plenty room viewer make film exactly want make take gamble,1
writer trying create character scrub different occupation however character stuck charisma acting ability mention writing seems poor effortless guy trying create something would good writing disgusting leaving show lifeline two attractive teacher barely keeping alive humor show seems like trying target audience q another reason show becoming failure could writing show scrub excellent show follow leaving viewer odd position knowing whether cry lose hope new sitcom together opinion think guy stop humiliate anymore already,0
fascinating downer would male hustler new york city forced live condemned building crippled con man extremely bleak examination modern day moral social decline extremely well directed john schlesinger never topped work superbly acted jon voight dustin hoffman pack quite punch overall yet fantasy scene played chuckle mildly intrusive mod drug party relationship develops two men sentimental yet filmmaker careful get mushy give picture edge might lesser director schlesinger originally x rated winner best picture oscar screenwriter waldo salt adapted james leo herilhy book schlesinger also statue,1
two year iranian embassy siege involved dramatic sa rescue balcony war argentina falkland island currently taking place better film make gung ho sa film creates iranian hostage siege whilst using britain number one action hero day lewis collins throw edward woodward well known actor got winner hand well maybe film make situation serious enough whilst acting quite second rate like movie long episode professional without formula film go nowhere fast quite predictable maybe cubby brocoli watched film decided ditch lewis collins touted james bond replacement roger moore watch fan lewis collins sa stuff general save time,0
seen many people packed outside theater since star war episode iii show sold good reason man screaming brain best movie see crowd full geek hey dork br br bruce campbell present whole crowd stitch movie cheesy best possible way may funniest movie bruce done ted raimi steal show bulgarian hip hop itude zany facial expression laugh riot knew ted could rap br br changed mind person stole show actually robot nothing funnier robot robot br br bruce performance take th thanks bruce thanks cool thanks taking time thanks fun,1
twenty five year ago showed film child class entomology still remember excitement kid spellbound termite built live castle clay also animal use mound fantastic scene cobra fight monitor lizard colony mongoose watch good entomology class also teaching ecology since much interaction termite organism whole ecology organism live around mound br br wish available dvd could watch show others,1
think brilliant australian comedy think skit show although quite partial bit full frontal even sitcom think satire something australian really know well eg front line micallef program know take pi chaser war everything classic example really well br br huge fan chris taylor craig reucassel long time remember listening triple j afternoon show remain two funniest comedian around br br although sad left triple j excited find investing much time made leave cnnnn triple j time figured something much bigger amazingly hilarious show chaser biting political social satire best br br also pleased say recently received much better time slot friday night moved wednesday night right spick speck thank abc finally tape,1
excellent documentary still manages shock enlighten unfortunately time changed much since made thus important piece freedom conscious american see,1
favorite christmas special wish would release vhs dvd since rpm got lost cassette made also long gone br br even big john denver fan impressed music mostly traditional favorite muppet spin esp little st nick also contained little known song original br br even though done end show timeless feel hoping find copy soon,1
bbc production jane eyre starring zelah clarke timothy dalton love always always favorite jane eyre watch version jane eyre without reading book like watching regular movie forget next day watching one almost equal reading book used watch miniseries lot little inspired read book time pay attention close television production book recently watched version jane eyre disappointed hour long many important scene book favorite gypsy scene fell love jane eyre even includes important scene book tell whole story version read book br br cast jane eyre excellent true timothy dalton handsome actor handsome enough play butler scarlet julius caesar great rochester imagine anybody else playing role zelah clarke without doubt jane follows description book thing make film great clothes makeup actor jane look modest naive bronte describes although look actually pay attention br br people say jane eyre long would rather spend whole day watching spend hour watching version say movie dull boring jane passionate enough enough kissing scene hate make jane eyre hollywood movie inappropriate kissing scene include crazy madly love scene show love jane rochester zelah timothy express love perfectly scene needed year old many girl age refer film boring old fashioned feel sorry appreciate purity beauty novel set th century old fashioned look make attractive like book br br think ever version jane ayre popularity love one matter play jane rochester movie real jane rochester least always zelah clarke timothy dalton,1
film mildly entertaining one neglect acknowledge numerous incongruity plot sheer lack believability bruce willis jackal never seems live reputation cunning mastermind underworld instead bumbles broad daylight parading mishmash shoddy disguise man never captured even identified beyond audience impressed cleverness daring considering price demand service exorbitant million method decidedly low budget stupid br br pursuit least ridiculous behavior show sense expertise instead relying half baked conjecture sends traversing across country whim incredibly far fetched guess maybe bought boat maybe chicago etc etc invariably lead straight jackal yet escape clumsy grasp br br richard gere whose irish accent fade like distant radio station play inexplicable role imprisoned convict released jail work alongside fbi actually make compatible partner mean amateurish inept professional pal one point actually confronts infamous jackal unfortunately fbi although trust enough leave sight fail equip weapon mean communication kind operation running br br film also appears overly reliant gruesome violence entirely superfluous provides suspense whatsoever supposedly stealthy jackal act like demented senseless serial killer eliminating people sport writing victim cheek blood br br film action scene predictable unrealistic many moment ruined melodrama movie poorly executed many level one bright spot ever consistent sidney poitier avoid movie mood think watch br br,0
star rating saturday night friday night friday morning sunday night monday morning br br alice defeated freddy end last film trying adjust life unborn child carrying demonous presence freddy trying come world br br interesting note director got big break directing freddy film charles russell eraser mask renny harlin long kiss goodnight cutthroat island cliffhanger die hard stephen hopkins lost space predator russell harlin made good job hopkins imo made something podge entry quickly forgotten br br story clearly stretched far go freddy ludicrously father ridiculous looking demon baby even hour half get rather tiresome course scary br br bon appetit bitch catch phrase memorable point wise forgettable entry,0
bird plane look disaster need look sky br br ok enough singer tried make romantic titanic like movie crash box office record failed sr structure dark restricted color scheme would call wishi washi boring usual dialog clown advanced alien technology missing fun magic etc make movie completely disappointing br br simply work br br main thing character like superman superhero core important thing br br love trouble sadly lost depressive supersoftie maximal facet long superman movie whole time br br superman superhero movie anymore like case bad boring social study every minute person fly around br br big difference br br movie joke holy skywalker superman give u supervillains superaction important thing superfun br br want entertainment singer want make long soul love trouble drama lost sadly people take normal human character make yentl remake br br say superman return supersadlysoftie stand door br br maybe singer tried kill legend without kryptonite one bad movie give plan sequel br br next time singer warner brother make superhero movie depressive superlame soap let superhero movie mean colorful fantasy lot fun magic br br movie like cheap chocolate box super cover yes technically sort yes lot small talk joke view action scene etc one worse piece common poor quality br br super boring patchwork one worst movie ever seen live br br ridiculous cast strategy cast young possible make sequel next year give rest kate bosworth play year old star reporter looking like superman full five year away slept year ago looking like daily planet reporter wroting spend night superman warner brother much br br routh bad playing little bit wooden whole movie wooden temporary good marsden sometimes posey rest forget even spacey terrain br br reeve hackman kidder acting easy fun difference br br jesus pose end ridiculous hell problem mean serious joke next time spiderman batman ironman fall rise like jesus angel speak god directly superheroes saving human life every day least one talk god every week possible oh god br br maybe real announced movie instead bizarre dull parallel universe br br warner brother superlame depressive flick possibly greatest disaster history money br br understand difficult maybe create transport message feeling showing lone lost sadly people new thousand movie tv show better old new one like magnolia flying frog impressive flying superwoman sorry superman course br br singer wb simply nothing fact even nothing like black hole destroys passion comic superhero movie steal u three hour life br br mr smilla little brother angry green like hulk,0
rank way top list worst movie seen far starz demand seem pick every straight dvd crap fest find put br br know apparently anyone digital camera shoestring budget come horror movie get put tv honest looked terrible moment saw trailer give real chance br br always try open mind low budget movie best movie ever seen film worked around low budget case required low budget great br br one movie br br know plot sure reading either heard starz demand whatever reason ended page boredom pathetic whiny girl get know minute incredibly bad heavy metal music video whoever put together must thought looked really interesting really really anyway kill possesses someone killing start really unmemorable completely average boring possible first gunshot go apartment quite seriously sound like piece popcorn popping best sound effect could come could find better sound effect use free copyright internet right br br let review claiming star movie fool obviously either distributor film maybe even director trying con thinking piece junk worth buying br br laughable,0
movie bad actually get funny one worst movie ever seen entire life funny thing trailer scene movie watching trailer would saved lot time actually showed everything happened movie except conclusion also obvious br br honestly hard think reason movie made bad horrible br br would give would possible nothing else say movie,0
bled apt title watch feel life bled cliché horror people exactly going basement going attic trouble ensues take heed watch film show brain victim horror movie never stay clear enter need anymore incentive film bad worst uwe boll film mean house dead bad often thought entering review film b watching based comment herein discovered guess everyone entiled opinion please trust mine,0
film probably one best seen far would put second lily chou chou kind give vibe soul prisoner escaped prison go find counterfeit money stored time capsule mount fuji primary school later find much set way first half movie time character introduced main point stated comedic yet serious part journey second half moved tear movie progress character go try fulfill dream unfortunately ending somewhat badly end escapee left way character left scene sad probably feel tear eye beautiful film directed fantastically movie people enjoyed toshiaki toyoda film blue spring,1
found pace glacial original story blown way proportion content wife slept try wake felt missing anything br br holmes watson enter house potentially caught unclear could hide entry burglary tool quickly also unclear door study locked preventing servant getting br br thing puzzled right end glint eye broken statute clue supposed represent,0
nothing really unpredictable movie solid flick respect everything acting cinematography solid perfectly linear plot line anything see coming perhaps tad melodramatic point fairly decent movie none less definitely worth checking doubt film rent weekend give go though may feel like running buying found quite worth,1
hmmm yeah episode extremely underrated br br even though lot bad writing acting part think good win bad br br love origami part big twist end absolutely love scene michelle confronts tony actually one favorite scene season br br reason people always hated reincarnation episode yet always liked best term writing theme really interest br br gonna give three star writing little consistent give four,1
say without shadow doubt going overboard single worst film ever seen yes seen cujo adam sandler abomination schecky moskowitz wannabe comedian working cruise liner plot br br nothing else film make sense place like mad man breakfast wacky naked gun kind way frustrating throw shoe v kind way even general noriega make appearance reason comprehend certainly humour add mix miss australia worst australian accent ever heared something call worst film ever made going overboard even fit basic definition film highly recomend seeing film elevate standing every bad film ever see guarantee first thing say seeing bad film least bad going overboard,0
start saying fan bad movie really bad movie state front passenger snake think accurate say passenger snake br br snake anything particularly interesting whole movie fact blunder little happening although occasionally great gore shot pulsating arm green goo puke bad movie green goo br br ending come along quite literally smack seat hysteria movie get boost rating br br certain movie world want show friend watch reaction certain event happens br br example arrival big man r kelly trapped closet line shark attack know hear arrival mama shark shark attack almost every scene troll ending dracula utter disbelief confusion end movie proudly sits category worth sitting get drunk stoned whatever poison watch movie mate br br quite simply like bad movie get get confused snake plane relation br br pay fiver either,0
excellent film traditional working class family northern england filmed location bolton star james mason father dominant force within home seems cleverly film based play portrays complexity family life supporting cast terrific well many familiar face lending support,1
want cynical pedantic could point opening raf lancaster bomber mortally wounded nd may somewhat unlikely since german air defence lively adolph hitler day movie viewed cynical audience guess character killed literally last hour war add poignancy fact survived second world war fully appreciate intellect beauty soul powell pressburger masterpiece scene heaven painfully twee viewed today view movie context made raf bomber command lost men war number america lost nam shorter period far far smaller pool active combatant atheist fox hole doubt lost relative conflict view material atheism sensible thing richar attenborough young pilot look awe sight many war hero must openly wept scene remembered much missed comrade survive war also bare mind despite losing several million people seems people germany passing pearly gate obvious nazi go heaven br br plot dashing young pilot peter carter arguing life front celestial court much appeal subtext see matter life death highly political visionary film lament end british empire replaced american ambition little thing show film made people aware american history culture one ethnic mix america even today many briton think usa overwhelmingly composed white anglo saxon protestant fact american white european film rightly contains scene multitude different race confess american peter judged abraham farlan anglophobe first revolutionary killed british force american war independence special relationship britain america special relationship powell pressburger know history come britain america obviously know future br br remember watch movie mind past mind present strange beautiful poignant clever film would never ever work made last year imagine story set revolved around british soldier killed iraq,1
movie scary moment great use music film angle build suspense obvious director ethan wiley scriptwriter ellary eddy waste time researching subject matter also make question claim exorcism scene overseen genuine catholic bishop br br amongst many inconsistency br br jacob roman catholic priest first meet outside church wearing academic robe clericals rather typical alb chasuble surplice academic robe commonly worn protestant minister liturgical denomination roman catholic priest br br jacob priest quote obscure disturbing scripture angel taking weapon attribute st paul verse st paul writing neither bible even find gnostic scripture br br jacob tell bishop believe demon possession turn request study exorcism complete later day within minute talking possessed isabelle sure possible little unrealistic see father damien priest psychologist original exorcist bit realistic portrayal skeptic turned believer br br miguel former priest turned farmhand first try exorcism isabelle quote scripture quote back say see know psalm corrects psalm wrong br br miguel former priest got done performing exorcism making sign cross calling name christ applying holy water etc tell jacob believe church believe god maybe conflicted jacob enlists put home made vestment another go anyway br br miguel former roman catholic priest cross backwards eastern orthodox style hispanic roman catholic used priest crossed forehead sternum left side right side chest br br read little side story get notion satan messing whole family isabelle even end hard say sure anyone really guilty image head demonic trickery except sheriff pretty clear guilty br br positive side isabelle creepy opinion best part whole movie liked plot twist claire br br sure movie meant serious spoof br br listening running commentary cameron daddo ethan wiley inclined believe joke,0
avid jane austen fan many year never seen adaptation heard came read excellent review basis eagerly ordered netflix cruel disappointment taken one subtle bright comic novel made dull character seems dealt single facial expression single tone upon base flat character although adaptation seems used every word jane austen wrote appear passed around character random fashion even though done miniseries adaptation manages confuse feel rushed done movie week br br mr bennett harsh mr bennet chattering chipmunk mr darcy lifeless nutcracker bennett girl almost indistinguishable mr wickham man one would look twice hardly appealing cad quite put,0
guess first movie made aware term cult flick totally bad movie help like movie richard boone made better joan van arc staying late watching movie make think much one,1
first saw movie younger child sister told thought would kid movie however remains also incredible movie true subject behind movie ruff also true movie never stop touching heart br br first saw yesterday year later saw first time long time even knew ended knew seen billion bizillion time wept like teeny weeny little baby saw year back finally got idea seriousness film stoped watching yesterday change channel watched end astonished much still made laugh cry think believe mericals belived long time movie got shell opened heart movie impacting also impressed actor especially bobby wanting see movie first time suggest seeing alone tissue ready discover young sweet innocent side side still hope movie touched soul even time trying figure movie helped realize still want life,1
well begin let say avoid movie br br cost based cartoon series movie make cartoon look br br like hamlet filled emasculated actor seem embarrassed br br lousy camera work terrible music enough product placement br br make want never visit yahoo movie really br br bottom barrel quote new yorker matthew broderick br br rupert everett mug way picture gay abandon br br men spotted rare specie paycheck distance br br pay u million earned watching br br awful,0
film open two thug kill another thug body discovered autopsied doctor realizes although man shot dead also suffering pneumonic plague nasty virulent version bubonic plague race time find came contact dead man treat immediately otherwise disaster could erupt br br oddly actually know quite bit pneumonic plague taught series lecture history class film really good job getting fact right disease looked little like people movie biggest problem illness incredibly grotesque really allowed show sure high fever coughing got right also lot bleeding explosive vomiting blackened blood along enormously swollen lymph node like get bubonic plague purply gross certainly understand go far also sure federal government would much much greater involvement controlling treating disease film handled local level everyone seemed ill prepared bit dumb one seemed willing believe doctor acting film excellent actor richard widmark paul douglas respectively public health doctor police chief good actor also known actor back however first film menacing jack palance still going original moniker walter jack palance well relatively unknown time zero mostel palance great scary physically adept stunt mostel played heavy typical early work greasy cowardly sort evil br br overall despite really getting detail right wrapping everything little neatly film tense excellent acting well worth seeing,1
watched lot television year never much fun week week watching oz acting entire cast excellent writing perfect every character remaining consistent throughout six year run also enjoyed mayhem ultra violence may sound odd time comical finding one character would eventually end dead particularly enjoyed true romance love beecher keller two men really knew throw every way possible truly hope hbo continue show u run great show forever watched every episode least time yet still look forward tuesday thursday night p episode fun entertaining show,1
enjoyed every moment beautiful film intrigued female painter never heard set exploring life work afterwards could expected found film exactly historically accurate little astounded however negative comment film inaccuracy come guy film biography novel historical film distorts reality work art right film director fully entitled use element reality history create world artemisia wonderful film think brought many people including give negative comment explore life work fascinating artist,1
operative rule making film seems never make minute scene make minute scene principle set right start interminably long portrayal graduation harvard class point scene suppose introduce primary figure story give bit background somewhat effective comparing idealism harvard graduation ceremony realism life johnson county wyoming keep going going set stage film feature repeated stretch mind numbing nothingness made even worse fact found significant amount dialogue almost incoherent end even watch one sitting got half set aside couple day could drag back see turned br br reaction movie many way shame positive performance generally high calibre especially kris kristofersson averill christopher walken champion isabelle huppert ella basic story interspersed around ever present mind numbing nothingness potentially interesting focusing effort immigrant establish johnson county local cattle company effort stop killing number collaboration government military also absolutely breathtaking scenery shot said whole thing could frankly done half time end potential positive washed mind numbing nothingness movie seems revolve around seriously,0
lady gentleman show begin documentary film structured three chapter one chronologically arranged first present classical physic link einstein second study depth quantum physic enters string theory last reveals everything theory difficult concept used introduced simple way daily object although must believe without checking scientist even scientist film masterpiece fabulous technique way produced really import story story,1
black candle rather muddled mess director brought u vampyres much later rest piece among others noting one seen rate couple making love somewhere near pin poised voodoo doll pierce man keel sure good either point fast forward man sister come house investigate hear reading something effect course everybody else except something happens devil worship really hard say moment movie get bit confusing time spice thing though simulated bestiality scene hope simulated black goat sure crowd pleaser ugh time echo rosemary baby minus baby hostess always giving one woman herbal tea place reek whatever nasty satanic herb keep getting remarked upon however herb thing reek film end seems back beginning many viewer might find wondering middle part unwatchable good guess depends like see film much anything much,0
susan slept turned dick powell swan song performer big screen course directed film appeared frequently television died pity go performance bad beautiful br br frank tashlin done many better film still sure whatever possessed one premise absolutely laughable br br dick powell screenwriter looking serious stuff fluff writing idea film juvenile delinquency two friendly cop herb vigran horace mcmahon deposit year old debbie reynolds doorstep really bad kid want put system give dick powell christmas time br br mean anyone see problem term jailbait come immediately mind additionally powell girlfriend young sexy anne francis debbie reynolds competition beyond br br susan slept got one oscar nomination song hold hand sung cornell background nominated best song lost secret love br br powell reynolds funny moment together alvy moore powell factotum le tremayne lawyer also get laugh br br enough,0
every movie thirty dated watch john ford movie would seem dated watched others e grand hotel comparatively modern melodrama ford always hard sell someone nobility abe joads always emphasis heavy badness always poorly crafted awkward obvious script exception rather belabored device deliver sentiment sentiment going br br ford make appreciative lincoln make wonder state ever settled population complete moron depicted ford went make decent movie dated anything bad feel entirely false br br henry fonda fake nose bizarre one illinois would pronounce trailing say shonuff,0
redeeming feature movie steve carell like john wayne never seen steve carell stretch far actor matter always play one role perfectly br br marty feldman said comedy must internal consistency men stage sitting garbage can fine bring fifth man stage garbage must explain audience also garbage br br evan accept role messenger god accept profoundly embarrassed anyone impressed way animal follow evan around explained away unthinking doubter trained animal possibly circus terrible flood end everyone see hop ark saved surely thousand people would killed flood post disaster emotional atmosphere end instead congress finally seen light prosecute lone incorrigibly bad congressman profiteering br br gotta admit also liked fish aquarium reacting presence evan,0
movie tyrannus gladiator brought back dead summon tyrannus gladiator must brought back dead tyrannus learn hour also called demonicus add much needed depth screenplay call question assumption identity psychology br br spirit tyrannus accomplishes little list killing people saying repetitive phrase latin possessing body college guy us magic mind control helmet college boy willingly put head several point movie take put back br br maria performs oral sex poor man sean willian scott tyrannus wear rollerball glove tyrannus green backlighting reason apparently sitting next cg fire ancient concrete tunnel century like utter misfortune br br movie empty hurt see,0
saw boring sunday morning morning well drawn fact outdoor movie hoping find nice scenery view limited go back forth spot hate using called hi tech stuff like motorola blue tooth headset using eliminate use walkie talkie funny look like amateur like advertising badly designed alien ware laptop could link satellite find people say tv movie ending bad look like cut short eliminating use rescue helicopter etc,0
seeing movie first time turner classic list dangerous female multiply appreciation bogart astor version ricardo cortez must getting paid smirk hope remembered dentist brylcreem salesman made actor woman good better well una merkel little better interesting original joel cairo mr gutman competently deliver many individual tic almost nothing set changing atmospherics successor role peter lorre sydney greenstreet humphrey bogart mary astor somehow transcended essential seediness character remake sam spade ruth wonderley br br movie exactly stink lie like big slice ham chief value today reminder great movie like falcon happen scale rate mainly camera work supporting player,0
boston legal turned tail headed barn door th pig slop created show first aired almost four season back humorous slap legal system actor seem take pride portraying funny diversified extent factual character portrayed acceptable extent real portrayal sexual comment activity limited humorous julie bowen beautiful series participated dragged lower depth medium programming sex violence julie excellent actress need stable platform production rene adjurdubois excellent actor day benson production held field entertainment always showing humor respectful acting production captain kirk funny humorous candace bergan admired continuing production good actress james spader doubt acting ability however go back xxx origin crash appears much talent inclination direction ask series trashed already really starting smell,0
sir played lear time tonight remember opening line sitting mirror eye reflect king madness dresser prompt gently mouthing word air desperation men great actor knowing power slipping away valet cum major domo cum conscience cum surrogate wife aware bos decline madness knowing powerless ease passing dresser really love story two year become mutually dependent one another extent neither conceive future without set second world war concern fortune frankly second rate touring shakespearean company comprising equal number beens wannabe led sir theatrical knight might kindly called old school whatever part playing grab centre stage bellow footlights bullying audience applause somewhere inside buried time deep beneath ham regularly dish still remains occasional glitter earlier greatness catch glimpse audience fervently hope mr finney cleverly concentrate ham often point caricature ready dismiss performance mere hyperbole bluster produce moment exquisite subtlety vulnerability make realise great actor playing great actor go mr courtenay easy write portrayal br br norman exercise stereotyping middle aged effeminate rather camp theatrical dresser sashaying way life enjoying company girl loving wicked insider gossip rife theatre strongly suspect still many men like norman profession infinitely kind patient knowing play many actor run backstage wisdom affection believe vast majority would hoot approving laughter mr courtenay portrait saw dresser london stage perceived wisdom mr courtenay norman rather subdued movie sir played great mr freddie jones huge acclaim audience memorable performance overshadowed mr courtenay reducing rather also ran opposed actor level billing idea sir norman might almost incomplete without went right window norman reduced puppet sure ronald harwood intended made breathtaking theatre messrs finney courtenay redress balance movie restoring equality relationship men come long way since early appearance british new wave picture became darling vaguely leftish middle class ashamed movement british cinema virtually committed hari kiri quietly concentrated theatre apart role keep wolf door renaissance substantial movie appeared blinking unaccustomed bright light br br dresser marked return still fizzing energy talent shouting world large still big movie assuredly great one,1
deeply humorous yet honest comedy bunch grownup bill paxton julie warner kevin pollak elizabeth perkins vincent spano matt craven diane lane invited back spend week tomawka camp ontario canada former consuelor alan arkin writer director mike binder drew upon experience camp main source creating gentle understanding yarn make sense also movie plenty funny moment completely bizarre like favorite one involves using masking tape newton thomas sigel usual suspect three king provides film impressive shot canadian wilderness among cast sam raimi director evil dead film gift appears arkin bumbling right hand man one thing film reassured camp site bloody murder,1
first review imdb com probably first ever written review film done accord class assignment think fact alone say something movie good thing seasoned journalist critic though seen fair share movie found particular film terribly painful watch necessary peace mind vent experience better imdb forced sit movie physically writhing inability connect dot sure would light end tunnel revelation explain samhe going movie ended enlightened dog several rewinds review certain scene still could conclude nothing sensible found wanting yell make sense anybody would recommend waste time probably want experience case bring crossword puzzle something get bored,0
switched cable whim treated quite surprise although predictable film turned quite enjoyable big star well directed plain fun hyped crap nice get unexpected surprise little film fit bill nicely,1
project ii classic jackie chan movie kung fu crazy stunt slapstick humor expect good prequel still great movie want something fun watch story simple jackie chan versus evil men want movie braniac understand would suggest one,1
steve irwin admire man willing throw river clearly filled crocs snake lizard ton poop aforementioned reptile mud daily enthusiasm never able make want managed make wife come close br br movie fall parallel universe film category film people teeth drilled migraine film experience therefore like quiet mediocrity currently well populated disney film noisy well steve noisy happy time would cut right blasé teenager hear movie stupid tylenol codeine say enthusiasm catching would room full snake happened yet agreed beauty still going pet br br plot indeed predictable bad guy bad minute thought shopping consumer electronic superstore movie filled animal steve terri watched plot could call really reason throw yet another croc truck expectation low stayed way br br hoping though would bit sequel steve terri worked acting skill movie real plot animal fur still believe see steve anymore hope terri child continue involved australia zoo discovery channel least imagine seeing crocodile without member irwin family telling forcefully wonderful croc crikey,0
love movie air anymore get air miss movie movie air love movie much anyone know long since last disney long time sick waiting want see susie q swear take good movie air play new stupid gay one fake retarded miss movie wish upon star kazaam shaquille neil bunch good movie go want back miss good movie anymore anybody find susie q good old disney movie come please let know email girlygirl aol com girlygirl blank space thank hope want movie back great day,1
probably one film many commented undiscovered probably one masterpiece spanish cinema like buñuel master piece day could better visitation others film long time ago could midnight cowboy could also le amants du pont neuf realistic non spot look realistic trainspotting hard story place humour love obviously dramatic sense new social spanish cinema little diamond could resurrection italian neo realism mixed whit best ken loach film br br probably better film discover last year,1
tom berenger put soul sgt barnes done thomas beckett thought world folding first scene nothing compared much felt last scene great movie even girl,1
rare come across film awful annoying irritating without doubt one worst film ever seen br br plot blur confusing pointlessly flashy editing ludicrous domino become bad as tough bitch gold fish died kid traumatic event left emotionally stunted hating everyone dialogue clichéd banal littered laughable line three kind people world rich poor everyone else one point bounty hunter guy tied back bus combination number tattooed arm confusing mobile phone call instead rolling sleeve reading number blow arm shotgun another point bounty hunter take bomb meeting arranged mafia threaten set bomb unless mafia let go clearly going meeting would easy br br keira knightley unconvincing dreadfully miscast mickey rourke manage salvage credibility mess br br enjoyed tony scott previous film true romance one could think suffering drivel must made complete idiot,0
unlikely love triangle set th century italy beauty beast turned upside inside giorgio army officer image male beauty transferred away form married lover clara sent small garrison somewhere piemont initially much horror  fosca grotesquely ugly cousin commander develops obsessive love suffers passionate demanding display affection pity concern health gravely ill becomes fascinated  dramatic finale br br miss unusual love story twisted may sound valeria obici deservedly price portrayal fosca alarming touching buy video read book go see musical,1
used love movie kid seeing year later actually suck academy might ahead time back almost nothing offer today movie like caddyshack stripe hold much better today steaming dogpile great joke except one liner heard million time br br recently bought dvd hope would gem remembered well way soundtrack widely recognizable hit smash compilation others mentioned frequent voice over terrible thing interesting predicting character line said yep watched movie much back br br reason writing review give two cent movie forgotten sorry say,0
saw one stage performance denver never less impressed word vagina say body part nothing shocking could say doctor left arm hurting bit tennis vagina hurt cycling equal social commentary could tricep monologue entertainment radical comment heard monologue dull delivered drama topic outdated alternately bored annoyed think laughed apparently supposed surely really hit oh spoiler lesbian oh wait maybe come think inappropriate fondling crack mama cover,0
movie truly show farce hypocrisy indian society try show one side story side story hidden emotional mental abuse indian child movie show br br indian parent culpable following destroying individuality child making completely dependent parent early age child grow adult physical look remain child mind since everything provided great indian parent child automatically feel need work hard something learn basic human communication human being apart parent br br b show many indian parent try prevent kid making friend going prevent anything start making grow adult br br reason selfishness indian parent expect child take care grow old saving reach age cry loud grown old dependent child since done great service bringing world taking care making intellectually weak br br indian parent age dilapidated body health financially completely insecure feel absolutely need take care since expect kid take care br br west opposite happens people start planning age retirement retire financially secure br br indian parent nothing sort since like said brought kid world better investment br br victim indian parent sure countless indian kid like grown physically still struggling life continue pestering year old cry loud help time br br movie show one side story utter piece junk,0
everything film terrible start film pretty good cast find impossible make great cast biggest disaster gangster film genre ever sound track like one bad slap stick comedy music whole film started get quite irritating br br please please please please please inflict disaster hurt,0
got subjected pile one wednesday afternoon mother law watching get someone basically remake crappy high budget hollywood flop core washed actor like luke perry high budget one flopped make people think movie year later budget would go anywhere laughing movie insanely similar fact shocked held legal rather airing tv basically script core redone badly seen core know worse funny since core already bad funny br br enjoy getting laugh really bad movie one right alley thing say wish luke perry able career horrible actor land horrible role crappy made tv movie run daytime television pretty much one step closer end would career,0
man named jerry come possession ancient aztec doll however creepy little figure possessed evil spirit take jerry body push spill blood seen two horror movie dorm dripped blood kindred made stephen carpenter jeffrey obrow must say power disappoint either plot slow moving effective human goo effect little bit gore scene female tabloid reporter attacked arm come ripping mattress hoot liked low budget horror movie horror genre,1
planning watching wasted saw mtv preview since nothing better watch sunday night watched br br wasted requiem dream good movie considering made mtv one thing drew watching summer pheonix sister late wonderful river pheonix stared suppose talent run pheonix family good jaquien though niether river nick stahl also give great preformance junky jock much else say wasted dark depressing insightful look life three small town junky recomend like subject,1
epitome bad film making unless pre pubescent girl riding big name like madonna story line physically assault one intelligence humour suited nursery school ever doubt think turd movie clearly display madonna absolute lack acting talent made feel highly embarrassed behalf thing believe ever let director near another movie madonna spends movie prancing around like infantile rag doll talking like baby painfully obvious reason movie ever made due fact madonna big name pop music time duped seeing awful attempt cash pop stardom stay away cost,0
gently amusing coming age comedy come later mature period neil simon writing although plenty wisecrack go around one neil simon piece every character spout one liner joke hour like guest star bob hope special also dramatic element work overkill lend weight story br br performance good across board especially blythe danner mother although judith ivey oddly wasp ish choice play jewish woman never fan jonathan silverman say hit right note obnoxious gawky totally horned teen age narrator protagonist story br br movie similar tone woody allen radio day latter far imaginative funny one,1
prepared bad movie bad movie guess complain twentysomething tom gay poster boy robert stadlober many issue know coming going stayed pretty girl serious mavie anna brüggemann nonsense angie emma daubas sarah baumann star movie within movie tom soul mate wild eyed margarete jana pallaske reminds béatrice dalle gina gershon got remember fine memory look good even ridiculous outfit mean ridiculous even berlin standard wonder whether liked movie character age guess watch indie idol oli schulz max schröder der hund marie performing street musician feeling pain,0
dean koontz book watcher one finest book read sadly movie sad caricature book disillusioned middle aged hero lonely spinster find meaning life converted movie couple silly teenager stoic security agent conscientious sheriff combined farcical villain get picture moviemakers taken moving tale love horror adventure converted z grade horror flick aimed poorly teen market br br buy book enjoy many hour reading far far rewarding watching movie br br,0
wife thought film watered made tv bbc version manhattan murder mystery good great story little inter character tension chemistry much plot woody allen character sort wanders around running mouth hugh jackman scarlett johannsson lot pretty disappointing must say ian mcshane role expanded cameo appearance br br first thing occurred wonder much bbc pay woody allen dislodge manhatttan must needed money must needed appeal expand audience beyond youth market drawn two star giving movie star instead unbothersome background noise ever want something knitting sorting stamp collection job pay rent,0
story line game jerky appears game writer tried find way justify character appears certain area world map tale soul said gripe game br br beginning fmv spectacular breath taking scenery interesting new device ability create design character martial art discipline even second story mode make awkward story design tale soul br br part fmvs tale soul also interactive decide fate character certain degree interesting feature br br many combination character create varied path explore tale soul chronicle sword story mode game keep beatem rpg fan amused,1
opening scene movie man shot arrow hotel room another man bathroom blew light must hep rather way way nothing film robin hood make appearance far could see however bette davis daisey appleby whale august young attractive performed one best role long career hollywood daisey never stopped teasing sexy nightgown called swim suit yacht george brent johnny jones spiral staircase daisey even proposed marriage johnny ferris wheel upside even got black eye davis brent made great couple one suppose rich poor reporter stage davis brent real torrid love affair good reason spark two appeared film liked bette davis george brent film,1
time change awakening people social upheaval unrest commonplace people spoke view racial tension politics vietnam war sexual promiscuity drug use part daily fabric daily news film attempted encapsulate historical aspect entertaining movie largely succeeded br br film two family followed one white one black first half film story follows family equal basis social family struggle unfortunately second half movie nearly dedicated white family admittedly character family story line intermingled equal consideration given racial aspect century br br whole acting well done historical footage mixed color black white original footage give documentary feel movie movie work fiction clip well known historical figure used set time line br br enjoyed movie situation predictable storyline one sided,0
maybe personal affection screen version mika waltari novel fondness thing egyptian grew loving visit mummy boston museum fine art think maltin tad tough rather good film production value great regarding color cinematography appears effort went historical authenticity much novel sure purdom admittedly bit stiff lead role one accept part sinuhe character victor mature well victor mature peter ustinov delight watch type role always well wittily bella darvi performance nefer classically camp find even michael wilding rather dry portrayal akenaten appeal br br historical oddity akenaten monotheism brief detour ancient egypt theological history interesting akenaten well worth reading religious war portrayed basis fact br br interesting footnote regarding darvi whose birth name bayla wegier polish emigre producer darryl zanuck wife violet took wing believe may even adopted screen name darvi formed zannuck wife first name continued acting career france never achieved great success rather unhappy life died hand br br altogether interesting film enjoyable watch visual value alone american movie classic show occasionally letterbox essential capturing scope sweep story,1
second film interesting previous one except suspense know going going happen even hinted screen pleasure come way various trick happen succession know dynamite car lose wheel car crash speak car happens detail particular discover film may baited dumb woman obvious come know already seen know dragged trap going get must discover worry get main trafficker another story speed boat match busy beaver river also know going wounded know bullet proof jacket day true recently discovered gi kind equipment iraq meaning film insistence hunting trafficker blindness see prohibition creates problem film constant perfect illustration value ever stand way moralistic crusade force evil simply legalize good properly observed surveillance something illegal pushed way less fun use forbidden restricted attractive br br dr jacques coulardeau university paris dauphine university paris pantheon sorbonne university versailles saint quentin en yvelines,1
shot heart wonderful brilliantly illustrates plight gary gimore convicted murder requested death shot heart show ordeal gilmore family torn hatred went movie incredible psychological study wonderfully depressing uplifting,1
way lamberto bava substandard facsimilie father mario extremely overrated director anyway michele soavi substandard director dario argento mold church least one thing recommend incredibly detailed art direction absolutely nothing else film long winded filled one dimensional character almost put sleep several time fine line art pretentious crap church completely worthless better watching something else br br,0
shockingly bad movie literally gasped first time seeing blue screen puppet imagine worst blue screen special effect ever saw make somehow far worse combine poorly made rubber play doh puppet look like something semi retarded pre school art class add screeching yngwie malmstein esquire melodic metal guitar solo stuff way loud last way long overall film absolutely awful make feeder look like rashomon one worst movie ever seen every quantifiable metric spiraling dismally downward much like waterlogged turd perpetual slow whirlpool broken rest stop toilet still though film like actium maximus missed bad movie conesseuirs even looking clip youtube someplace movie bit eye opener stomach ride think director may mentally ill though bit debasing watching discus project get sense truly belief created something wonderful guess star war kid gonzo filmmaker mess,0
watching movie never thought defending honest enough begininning much plot real character latch onto except killer acting better capable br br know three ten stellar review saying shot poorly completely useless etc think set supposed fairly well lighting minimal time natural audience used supposed top look like camcorder snuff film fact time quality probably still high true nobody would make tne minute camera work truly bad br br particularly scary disturbing time one two character come across believable soundtrack get tiring time overall put together cleaner lot camcorder movie,0
believe dumb movie truly storyline written keira knightley mother ruin movie extreme straight dull absurd make absolutely sense whatsoever br br movie lagged bad especially beginning story kept going everyday flirt often time seeming like threesome movie annoying deadbeat couple poet wife complete total drunk start wife sleep around men make end meet poet pervert thrives cheap boo woman wife waaayyyyyy quickly becomes friend former childhood lover played keira suddenly get jealous knowing full well two lover since kid something seem right mean come get program lady expect br br bottom line former lover meet new wife embracing get jealous former woman lover get married husband get jealous bombard crazy drunk couple home crazy husband call police end going court man attempted murder charge summed nutshell br br movie moment quality good acting cillian murphy cannot believe watched complained movie family member watching fell asleep decided give chance stuck first instinct,0
think movie want u say end movie damn australian still know know really liked movie favorite movie br br great story great actor terrible end make cry say oh good still made really happened guy answer question br br mysterious movie good mark overall give going,1
currently playing german film festival australia thanks peanutqueen especially ariesgemini rundown actor ensemble cast br br australia movie sub titled english french movie often get mainstream release german movie still gather sort commercial audience like bmws mercedes german get right really like film like pq time went quickly lot laugh audience men woman moved speed dating line minute time br br many film overlong one could watched much sort character character development series given time read ariesgemini review reference actor liked work view keeping eye agree actor go onto bigger better thing good character actor fine film see program listed mockumentary mock otherwise felt real quite romantic way br br viva la deutcsh,1
film opened back legend met massive jeering disdain widely considered failure vividly remember ebert giving one star supposedly booed cannes br br apparently people understand movie hard comprehend since esoteric dark layered way still astound reading many review find even viewing year many element film previously glossed even without understanding much psychological underpinnings story still cracking suspenser even take escalating paranoia persecution overtakes polanski title character like tsunami wave course two hour running time br br examining source material excellent novella underrated novelist roland topor uncovers intriguing layer polanski trekovsky milquetoast highest order though seems first yet another mild everyday soul one gradually realizes one people seems aimlessly drift life letting direct seems strong feeling like dislike find gently pushed way never seems get bent shape regardless vague sort wishy washy ness noticeable novel movie hint early film br br making play apartment woman one mademouiselle choule hospital recovering recent suicide attempt appears daring thing attempted even effectively haggling price deposit bargain soon find however paying good thing way care find center maelstrom created building full neurotic control freak hypersensitive even slightest sign human life footstep night knock door br br instead taking stand though trelkovsky becomes increasingly alienated situation overtaken paranoia sense persecution becomes obsessed choule imagining like dressing like etc personality rapidly begin wiped away insanity br br anyone ever doubted polanski fearlessness artist well advised see film trademark black humor prominently sometimes embarrassingly display god bless make butt tour de force performance one richest riskiest gothic horror movie ever made people seen true crime,1
hoppity go town discovers nothing bad news little insect neighbor lowland honest good natured grasshopper save sweetheart miss honey bee machination evil c bagley beetle also lead friend safe new home late br br one great animated feature new art time film created hoppity enjoyable film bring pleasure uncritical viewer technically well made animation generally high quality movie main drawback none character really heart come alive screen way jiminy cricket year earlier pinocchio br br however ultimately unfair compare fleischer studio output disney max dave fleischer star follow contribution would considerable one would realm one reel cartoon popeye betty boop series created alternate reality viable produced cartoon studio hoppity second experiment feature length animation gulliver travel henceforth would expend energy cartoon short subject fact first highly acclaimed superman series already release br br hoppity story owes great deal frank capra energetic go get em hero powerful societal force indeed film original title mr bug go town immediately put one mind gary cooper jimmy stewart capraesque adventure br br jack mercer famous voice popeye speaks two different character old mr bumble swat fly movie maven able catch veteran voice actor pinto colvig mae questel uncredited role br br film pleasant song supplied hoagy carmichael frank loesser little baby bumble bee familiar couple castle fine romantic tune deserves rediscovered br br unfortunate film initial animation sweep heaven past depth new york skyline obscured behind opening credit,1
love chan wook park know expect film brutal poetic tragic artistic splash grim humor thirst clearly park style loved every second cinematography every shot gorgeous creative story blend shakespearean tragedy murderous love gothic horror layered character drama character complex plenty moral ambiguity go around even sociopathic character evokes sympathy direction restrained performance nuanced like sympathy mr vengeance many subtlety take first viewing chan wook park intelligent bold consistently surprising filmmaker unpredictable scene go brutal heart wrenching laugh loud hilarious instant closer lady vengeance sympathy mr vengeance far top comical like lady vengeance incredibly rich thought provoking rewarding br br like beautifully told vampire story let right one fan chan wook park seeing thirst obvious easily one best film,1
expect lot ghost story expect story make bit sense asking much screenwriter filmmaker bad guy sudden becomes homicidal maniac solely bunch crow start pecking problem spending ticket alfred hitchcock would spinning grave anyone learn anything college film class good movie root interesting story br br ridiculous message movie desperate financial problem move chicago middle north dakota grow sunflower kid toddler serious neurological problem car accident move away best hospital speech therapist country isolated small town best community hospital hire drifter live work blue without checking reference teenage vixen daughter wife toddler glad parent br br town everyone know everything would problem missing triple homicide outside town course blame man lunacy bad crop sunflower anything else grow north dakota couple day buy rundown house huge vine growing everywhere reminds jack beanstalk guy x file ala smoking man glad see cigarette get guess inhale suddenly sneak working offer sale price home plus absolutely reason br br think get picture seen many godforsaken awful movie past month blow mind difficult make movie treat audience like idiot glad least crow sorry film turned brain wish could say whomever think going make money celluloid piece trash,0
one funniest movie ever seen know real world people show movie top notch never seen real world still think extremely funny movie get inside joke actor tv show,1
blue ribbon banner star stripe forever decorated general unconditional surrender enemy required ton ton radiation summon substance united state victory world war ii celebration time square well everywhere else united state suggests national zenith america top right one thing one agonizing painstakingly perverse thing period adjustment actual celebration ended bottle champagne finished everyone need get life one problem though get new life old life gone forever polite pleasant smile fragile facade longevity ice cube boiling water everyone character movie paraded primal doubt unable masquerade pretense nothing seriously wrong simple reason true sergeant general wife daughter son virtually american touched world war ii exposed disability nightmare recrimination world war ii really accomplished well negated nobody social moral issue self serving interest frederick march myrna loy start dana andrew realized never married virginia mayo first place theresa wright become painfully aware fact constructively selfish la least character homer get married think everyone around devastated injury basically sense unable unwilling cope br br reason film fabulous happy ending attained hard way everybody recognized new beginning new united state new world overall tragedy wwii recognized thing emotionally torn asunder taken stride dealt accordingly frederick march myrna loy need go back chapter one marriage homer apprised new bride take married e half time feel like nurse thresa wright involvement dana andrew mean entrance adulthood resulted partial responsibility breaking marriage tantamount learning drive car get driver license indianapolis character movie typical post wwii american stalemated rude awakening coercive change life happiness longer afforded luxury adjective cop aesthetic formidable condition good winning evil way less ugly choice world war ii happen henceforth dominate social pattern american living br br aggregate catastrophe world war ii mirrored american feeling personal human inadequacy well loved film afi probably reason brought issue one time unjustifiably taboo bottom line see movie nightmare combat dilemma marital unhappiness readjustment coping life stricken ed disability basically acting human portrayed constantly movie television today however new american remember director william wyler illustrated american feel aftermath wwii day movie industry left one hand tied behind back take account probably realize sensational movie really,1
stuffy melodrama quite easily worst film starring ingrid bergman seen even luminous screen presence save insufferably slow meandering movie nearly impossible sit without fast forwarding lot br br die hard bergman fan others likely fall asleep suggest watch bell toll instead,0
many level good fact considering low budget british indie first time feature director largely neophyte cast magnificent achievement know much cost figure £ bandied publicity never know reliable figure like point film look like cost couple million quid clearly cost tiny fraction great special effect terrific production design effective prop costume excellent photography good acting direction impressive score absolutely stunning sound mix even said much script great character clearly identified something movie ten men dressed roughly one location would easy nameless faceless blank ten character mostly done dialogue way reacted thing throughout middle act plot developing script told story well showed affected character whole film like second act would stunning br br ship blow twelve people make individual escape pod e pod blast away ship much automatic metal coffin poor sod inside trapped cramped real idea going make sense like e pod excellent idea done well make sense nice roomy escape capsule also like way specifically told later designed ship ship escape make planetfall emergency let face guy bloody lucky ship blown close planet said look like unused e pod still freighter wonder prisoner able get e pod get occurred captain gone ship rather first guy anyway e pod land barren planet nothing sand sparse vegetation least sandy sparsely vegetated part planet may icy waste lush jungle elsewhere nah planet sci fi movie exactly accept e pod come within mile ten survivor able meet firing flare sky locate br br captain muscular mountain man could pretty good career action flick get right agent decides try contact captain behan intending rendezvous cannot planet need get orbit engineer say combine power unit two e pod probably give one enough juice lift anti grav doodad high enough blast atmosphere done automatic need pilot send signal captain valiantly volunteer commendably sensible move engineer point putting heaviest man somewhat dodgily repaired e pod ridiculous need lightest member team kid really liked way point name david captain start using treating dignity respect good storytelling good characterisation,1
